BTCUSD|1775669705|30.8485|44.6005|42.9042|0.9548|32.615|0.7613
BTCUSD|1775670014|30.9021|44.6005|43.1174|0.9518|32.615|0.7682
BTCUSD|1775670052|30.8994|44.6005|43.1043|0.952|32.615|0.7741
BTCUSD|1775670388|30.8949|44.6005|43.0918|0.9512|32.615|0.7614
BTCUSD|1775670704|30.8987|44.6005|43.112|0.9513|32.615|0.7483
BTCUSD|1775671321|30.8818|44.6005|43.0431|0.9476|32.615|0.7574
BTCUSD|1775671507|30.87|44.6005|43.0066|0.9536|32.615|0.7591
BTCUSD|1775674872|30.83|44.6005|42.8439|0.9646|32.615|0.7604
BTCUSD|1775675774|30.83|44.6005|42.8284|0.9584|32.615|0.7623
BTCUSD|1775678028|30.84|44.6005|42.871|0.9588|32.615|0.7801
BTCUSD|1775678945|30.85|44.6005|42.9094|0.9428|32.615|0.781
BTCUSD|1775679317|30.82|44.6005|42.7622|0.956|32.615|0.7837
BTCUSD|1775708833|26.2|44.2641|42.6298|0.9592|10.2135|0.7894
BTCUSD|1775709261|26.21|44.2641|42.656|0.9502|10.2135|0.7912
BTCUSD|1775712184|26.21|44.2641|42.6945|0.9457|10.2135|0.7583
BTCUSD|1775712492|26.21|44.2641|42.6691|0.952|10.2135|0.775
BTCUSD|1775712798|26.19|44.2641|42.5969|0.9558|10.2135|0.7807
BTCUSD|1775713107|26.19|44.2641|42.5969|0.9538|10.2135|0.7735
BTCUSD|1775713414|26.2|44.2641|42.6454|0.9518|10.2135|0.7771
BTCUSD|1775713722|26.23|44.2641|42.7726|0.9517|10.2135|0.7503
BTCUSD|1775714029|26.18|44.2641|42.5573|0.9556|10.2135|0.7659
BTCUSD|1775714337|26.23|44.2641|42.7511|0.9467|10.2135|0.7816
BTCUSD|1775714643|26.22|44.2641|42.7001|0.9502|10.2135|0.7609
BTCUSD|1775714952|26.18|44.2641|42.5557|0.9485|10.2135|0.7679
BTCUSD|1775715258|26.22|44.2641|42.7058|0.9558|10.2135|0.7497
BTCUSD|1775715567|26.19|44.2641|42.5877|0.9532|10.2135|0.7542
BTCUSD|1775715873|26.19|44.2641|42.6158|0.9559|10.2135|0.7499
BTCUSD|1775716182|26.2|44.2641|42.6177|0.9492|10.2135|0.7748
BTCUSD|1775716488|26.2|44.2641|42.6421|0.9553|10.2135|0.7685
BTCUSD|1775716797|16.47|44.2641|42.741|0.9495|10.2135|0.7638
BTCUSD|1775717103|10.16|44.2641|42.5724|0.9513|10.2135|0.7636
BTCUSD|1775717412|15.16|44.2641|42.5732|0.957|10.2135|0.7681
BTCUSD|1775717718|22.17|44.2641|42.7669|0.9494|10.2135|0.7836
BTCUSD|1775718027|16.33|44.2641|42.6446|0.9533|10.2135|0.7704
BTCUSD|1775718333|14.59|44.2641|42.7176|0.9532|10.2135|0.7493
BTCUSD|1775718642|16.24|44.2641|42.7644|0.9529|10.2135|0.7471
BTCUSD|1775718948|8.81|44.2641|42.5759|0.9543|10.2135|0.7272
BTCUSD|1775719257|7.24|44.2641|42.6296|0.9472|10.2135|0.7331
BTCUSD|1775719563|9.11|44.2641|42.6303|0.9493|10.2135|0.7356
BTCUSD|1775719872|9.37|44.2641|42.536|0.9551|10.2135|0.733
BTCUSD|1775720178|14.52|44.2641|42.6309|0.948|10.2135|0.7711
BTCUSD|1775720487|11.66|44.2641|42.6103|0.9551|10.2135|0.726
BTCUSD|1775720793|14.58|44.2641|42.6847|0.9547|10.2135|0.7259
BTCUSD|1775721102|18.95|44.2641|42.6858|0.957|10.2135|0.7438
BTCUSD|1775721408|14.45|44.2641|42.54|0.9562|10.2135|0.7589
BTCUSD|1775721717|37.81|44.2641|42.6424|0.9518|41.8847|0.7719
BTCUSD|1775722023|37.04|44.2641|42.5446|0.9551|41.8847|0.7795
BTCUSD|1775722332|32.64|44.2641|42.6466|0.9427|41.8847|0.7774
BTCUSD|1775722638|30.05|44.2641|42.6479|0.9468|41.8847|0.7418
BTCUSD|1775722947|23.6|44.2641|42.5033|0.9421|41.8847|0.7494
BTCUSD|1775723254|25.23|44.2641|42.5516|0.9405|41.8847|0.7472
BTCUSD|1775723562|36.3|44.2641|42.5947|0.9477|41.8847|0.7788
BTCUSD|1775723868|32.4|44.2641|42.5952|0.941|41.8847|0.7804
BTCUSD|1775724177|22.49|44.2641|42.5119|0.9334|41.8847|0.7399
BTCUSD|1775724483|31.03|44.2641|42.6283|0.9418|41.8847|0.7383
BTCUSD|1775724792|37.15|44.2641|42.6843|0.9512|41.8847|0.7339
BTCUSD|1775725099|37.26|44.2641|42.684|0.9509|41.8847|0.7356
BTCUSD|1775725407|42.42|44.2641|42.7944|0.9434|41.8847|0.7635
BTCUSD|1775725714|43.15|44.2641|42.5953|0.9587|41.8847|0.7732
BTCUSD|1775726022|39.19|44.2641|42.5778|0.9527|41.8847|0.7708
BTCUSD|1775726328|41.7|44.2641|42.7653|0.9458|41.8847|0.759
BTCUSD|1775726637|45.38|44.2641|42.7314|0.9529|41.8847|0.7698
BTCUSD|1775726943|47.73|44.2641|42.7121|0.9604|41.8847|0.7667
BTCUSD|1775727252|41.97|44.2641|42.7878|0.955|41.8847|0.7167
BTCUSD|1775727558|45.24|44.2641|42.7956|0.9554|41.8847|0.7373
BTCUSD|1775727867|49.63|44.2641|42.7909|0.9652|41.8847|0.7385
BTCUSD|1775728174|42.71|44.2641|42.6839|0.9601|41.8847|0.7373
BTCUSD|1775728482|38.39|44.2641|42.7201|0.9475|41.8847|0.7384
BTCUSD|1775728788|45.19|44.2641|42.6974|0.9641|41.8847|0.7376
BTCUSD|1775729097|35.89|44.2641|42.7548|0.9426|41.8847|0.7265
BTCUSD|1775729404|42.82|44.2641|42.8761|0.9496|41.8847|0.7167
BTCUSD|1775729712|41.25|44.2641|42.781|0.9499|41.8847|0.7328
BTCUSD|1775730018|32.8|44.2641|42.6342|0.9426|41.8847|0.74
BTCUSD|1775730327|34.23|44.2641|42.6725|0.9452|41.8847|0.7299
BTCUSD|1775730633|30.45|44.2641|42.6398|0.9436|41.8847|0.7173
BTCUSD|1775730942|39.03|44.2641|42.622|0.9616|41.8847|0.7234
BTCUSD|1775731248|34.03|44.2641|42.645|0.9446|41.8847|0.7389
BTCUSD|1775731557|33.54|44.2641|42.6401|0.9456|41.8847|0.7332
BTCUSD|1775731863|31.71|44.2641|42.6465|0.9458|41.8847|0.7169
BTCUSD|1775732172|44.2|44.2641|42.7026|0.9626|41.8847|0.7339
BTCUSD|1775732478|44.0|44.2641|42.711|0.9603|41.8847|0.738
BTCUSD|1775732787|44.4|44.2641|42.7624|0.962|41.8847|0.7194
BTCUSD|1775733093|46.4|44.2641|42.8242|0.9575|41.8847|0.7314
BTCUSD|1775733402|52.65|44.2641|42.975|0.9619|41.8847|0.7167
BTCUSD|1775733708|52.87|44.2641|42.9728|0.9581|41.8847|0.7324
BTCUSD|1775734017|54.93|44.2641|42.9881|0.9562|41.8847|0.7498
BTCUSD|1775734323|53.37|44.2641|42.886|0.9611|41.8847|0.7519
BTCUSD|1775734632|48.78|44.2641|42.7471|0.9697|41.8847|0.7454
BTCUSD|1775734938|51.37|44.2641|42.8896|0.9621|41.8847|0.7449
BTCUSD|1775735247|51.3|44.2641|42.7915|0.969|41.8847|0.7529
BTCUSD|1775735553|54.82|44.2641|42.9136|0.9609|41.8847|0.767
BTCUSD|1775735862|50.05|44.2641|42.7967|0.9628|41.8847|0.7611
BTCUSD|1775736168|51.4|44.2641|42.7424|0.967|41.8847|0.7747
BTCUSD|1775736477|55.02|44.2641|42.8927|0.9676|41.8847|0.7542
BTCUSD|1775736783|47.76|44.2641|42.7467|0.9647|41.8847|0.7533
BTCUSD|1775737092|47.72|44.2641|42.7488|0.9643|41.8847|0.7536
BTCUSD|1775737399|51.62|44.2641|42.8112|0.9636|41.8847|0.7659
BTCUSD|1775737707|53.03|44.2641|42.7879|0.9694|41.8847|0.7656
BTCUSD|1775738013|60.21|44.2641|42.9417|0.9689|41.8847|0.774
BTCUSD|1775738322|55.92|44.2641|42.9027|0.9696|41.8847|0.7517
BTCUSD|1775738628|56.2|44.2641|42.8496|0.9735|41.8847|0.7696
BTCUSD|1775738937|58.65|44.2641|42.9048|0.9715|41.8847|0.7767
BTCUSD|1775739243|59.61|44.2641|42.9259|0.9723|41.8847|0.7752
BTCUSD|1775739552|57.14|44.2641|42.8688|0.9738|41.8847|0.7708
BTCUSD|1775739858|57.53|44.2641|42.9082|0.9737|41.8847|0.762
BTCUSD|1775740167|55.91|44.2641|42.8432|0.9781|41.8847|0.7694
BTCUSD|1775740473|53.29|44.2641|42.844|0.9764|41.8847|0.7539
BTCUSD|1775740782|55.3|44.2641|42.8462|0.9787|41.8847|0.7639
BTCUSD|1775741089|56.18|44.2641|42.8466|0.9817|41.8847|0.7704
BTCUSD|1775741397|53.69|44.2641|42.8483|0.9743|41.8847|0.7684
BTCUSD|1775741703|58.33|44.2641|42.9324|0.984|41.8847|0.7604
BTCUSD|1775742012|62.85|44.2641|42.9821|0.9837|41.8847|0.7796
BTCUSD|1775742318|51.25|44.2641|42.7451|0.9857|41.8847|0.7644
BTCUSD|1775742627|52.78|44.2641|42.7683|0.9841|41.8847|0.7722
BTCUSD|1775742933|61.12|44.2641|43.0097|0.9883|41.8847|0.7577
BTCUSD|1775743242|53.35|44.2641|42.8143|0.9852|41.8847|0.7654
BTCUSD|1775743548|51.76|44.2641|42.8434|0.978|41.8847|0.7594
BTCUSD|1775743857|50.36|44.2641|42.8415|0.9636|41.8847|0.7788
BTCUSD|1775744163|46.7|44.2641|42.7997|0.9657|41.8847|0.76
BTCUSD|1775744472|49.36|44.2641|42.7236|0.9734|41.8847|0.7872
BTCUSD|1775744778|45.03|44.2641|42.6755|0.9659|41.8847|0.7848
BTCUSD|1775745087|55.19|44.2641|42.9737|0.9667|41.8847|0.7684
BTCUSD|1775745393|47.48|44.2641|42.728|0.9691|41.8847|0.7806
BTCUSD|1775745702|37.63|44.2641|42.5403|0.9601|41.8847|0.7825
BTCUSD|1775746008|35.7|44.2641|42.5908|0.9562|41.8847|0.7607
BTCUSD|1775746317|34.09|44.2641|42.5333|0.9603|41.8847|0.7578
BTCUSD|1775746623|34.44|44.2641|42.5358|0.9619|41.8847|0.7564
BTCUSD|1775746932|37.42|44.2641|42.5886|0.9656|41.8847|0.7551
BTCUSD|1775747239|37.08|44.2641|42.6406|0.9542|41.8847|0.76
BTCUSD|1775747547|42.26|44.2641|42.6872|0.9529|41.8847|0.7871
BTCUSD|1775747854|41.0|44.2641|42.7723|0.9384|41.8847|0.7814
BTCUSD|1775748162|41.65|44.2641|42.765|0.9471|41.8847|0.7707
BTCUSD|1775748468|34.69|44.2641|42.6809|0.9296|41.8847|0.7723
BTCUSD|1775748777|27.33|44.2641|42.4662|0.9348|41.8847|0.7614
BTCUSD|1775749083|42.24|44.2641|42.7307|0.9451|41.8847|0.7772
BTCUSD|1775749392|45.35|44.2641|42.8104|0.9432|41.8847|0.7812
BTCUSD|1775749698|39.09|44.2641|42.6757|0.948|41.8847|0.764
BTCUSD|1775750007|44.85|44.2641|42.838|0.9558|41.8847|0.7456
BTCUSD|1775750313|43.17|44.2641|42.8551|0.9543|41.8847|0.7311
BTCUSD|1775750622|41.95|43.6914|42.8195|0.9487|48.6172|0.7428
BTCUSD|1775750928|52.69|43.6914|42.9941|0.9635|48.6172|0.7447
BTCUSD|1775751229|46.22|43.6914|42.9416|0.9567|48.6172|0.7245
BTCUSD|1775751537|49.37|43.6914|43.0149|0.9587|48.6172|0.7232
BTCUSD|1775751843|56.43|43.6914|43.103|0.9692|48.6172|0.7306
BTCUSD|1775752150|46.48|43.6914|42.9677|0.952|48.6172|0.7279
BTCUSD|1775752452|39.67|43.6914|42.7902|0.9579|48.6172|0.7123
BTCUSD|1775752758|48.54|43.6914|42.8474|0.9652|48.6172|0.7502
BTCUSD|1775753067|42.67|43.6914|42.7746|0.9595|48.6172|0.7375
BTCUSD|1775753375|48.33|43.6914|42.8103|0.964|48.6172|0.7622
BTCUSD|1775753682|43.69|43.6914|42.8462|0.9615|48.6172|0.7198
BTCUSD|1775753989|41.13|43.6914|42.7351|0.9587|48.6172|0.7389
BTCUSD|1775754297|36.01|43.6914|42.8217|0.9331|48.6172|0.7239
BTCUSD|1775754603|38.99|43.6914|42.8353|0.9391|48.6172|0.7312
BTCUSD|1775754905|33.8|43.6914|42.6984|0.938|48.6172|0.7339
BTCUSD|1775755212|39.54|43.6914|42.8292|0.9388|48.6172|0.738
BTCUSD|1775755518|37.25|43.6914|42.8181|0.9341|48.6172|0.7327
BTCUSD|1775755827|39.66|43.6914|42.7611|0.9545|48.6172|0.7279
BTCUSD|1775756134|43.59|43.6914|42.8603|0.951|48.6172|0.7359
BTCUSD|1775756442|43.18|43.6914|42.9492|0.9361|48.6172|0.7358
BTCUSD|1775756748|40.35|43.6914|42.8244|0.9435|48.6172|0.7363
BTCUSD|1775757057|50.69|43.6914|43.0163|0.9618|48.6172|0.7229
BTCUSD|1775757364|50.43|43.6914|43.0157|0.9592|48.6172|0.7263
BTCUSD|1775757672|46.26|43.6914|42.925|0.9602|48.6172|0.7188
BTCUSD|1775757980|45.52|43.6914|42.8535|0.9627|48.6172|0.7296
BTCUSD|1775758287|44.03|43.6914|42.9271|0.9544|48.6172|0.7106
BTCUSD|1775758593|44.39|43.6914|42.8374|0.9653|48.6172|0.7188
BTCUSD|1775758902|41.76|43.6914|42.8687|0.9543|48.6172|0.7021
BTCUSD|1775759209|47.09|43.6914|42.9406|0.9592|48.6172|0.7138
BTCUSD|1775759517|47.77|43.6914|42.9375|0.956|48.6172|0.7282
BTCUSD|1775759823|41.98|43.6914|42.7933|0.9584|48.6172|0.7205
BTCUSD|1775760132|44.25|43.6914|42.8028|0.9661|48.6172|0.7199
BTCUSD|1775760439|45.6|43.6914|42.8154|0.9526|48.6172|0.7584
BTCUSD|1775760747|47.76|43.6914|42.8989|0.9543|48.6172|0.7452
BTCUSD|1775761054|46.73|43.6914|42.8096|0.9602|48.6172|0.7531
BTCUSD|1775761362|40.08|43.6914|42.6457|0.9571|48.6172|0.757
BTCUSD|1775761668|47.6|43.6914|42.8323|0.9592|48.6172|0.7554
BTCUSD|1775761977|51.54|43.6914|42.9708|0.9561|48.6172|0.7502
BTCUSD|1775762283|48.97|43.6914|42.8892|0.9607|48.6172|0.7447
BTCUSD|1775762598|48.49|43.6914|42.8607|0.9615|48.6172|0.7484
BTCUSD|1775762907|50.31|43.6914|42.9092|0.9609|48.6172|0.7494
BTCUSD|1775763213|44.75|43.6914|42.7187|0.9645|48.6172|0.7568
BTCUSD|1775763522|46.11|43.6914|42.8153|0.9553|48.6172|0.7568
BTCUSD|1775763828|39.67|43.6914|42.6696|0.9545|48.6172|0.7511
BTCUSD|1775764137|49.87|43.6914|42.8871|0.9551|48.6172|0.7662
BTCUSD|1775764443|42.95|43.6914|42.7519|0.9585|48.6172|0.7431
BTCUSD|1775764752|46.92|43.6914|42.8273|0.9543|48.6172|0.7622
BTCUSD|1775765059|47.81|43.6914|42.8505|0.9572|48.6172|0.7556
BTCUSD|1775765367|47.13|43.6914|42.8838|0.9512|48.6172|0.7518
BTCUSD|1775765674|54.39|43.6914|42.9821|0.9529|48.6172|0.779
BTCUSD|1775765982|52.4|43.6914|42.8929|0.9618|48.6172|0.7715
BTCUSD|1775766288|48.88|43.6914|42.8137|0.961|48.6172|0.7691
BTCUSD|1775766597|47.2|43.6914|42.8122|0.9579|48.6172|0.7617
BTCUSD|1775766904|43.7|43.6914|42.836|0.933|48.6172|0.779
BTCUSD|1775767212|40.84|43.6914|42.7965|0.9405|48.6172|0.75
BTCUSD|1775767518|49.83|43.6914|42.9897|0.9442|48.6172|0.7556
BTCUSD|1775767827|48.05|43.6914|42.8624|0.9543|48.6172|0.7603
BTCUSD|1775768133|42.92|43.6914|42.7885|0.9397|48.6172|0.7731
BTCUSD|1775768434|47.36|43.6914|42.9207|0.9372|48.6172|0.7731
BTCUSD|1775768742|46.05|43.6914|42.9504|0.9284|48.6172|0.7686
BTCUSD|1775769049|52.53|43.6914|43.0228|0.953|48.6172|0.7467
BTCUSD|1775769357|51.03|43.6914|42.9637|0.9459|48.6172|0.7694
BTCUSD|1775769663|52.18|43.6914|42.9592|0.9498|48.6172|0.7724
BTCUSD|1775769972|50.45|43.6914|42.9288|0.9479|48.6172|0.7717
BTCUSD|1775770278|45.7|43.6914|42.8146|0.9494|48.6172|0.7651
BTCUSD|1775770587|52.64|43.6914|43.0062|0.9493|48.6172|0.7616
BTCUSD|1775770894|48.91|43.6914|42.9376|0.9459|48.6172|0.7594
BTCUSD|1775771202|47.69|43.6914|42.9133|0.9378|48.6172|0.7749
BTCUSD|1775771508|51.36|43.6914|42.982|0.9484|48.6172|0.7605
BTCUSD|1775771817|48.57|43.6914|42.9276|0.9492|48.6172|0.7524
BTCUSD|1775772123|50.84|43.6914|42.9652|0.949|48.6172|0.7602
BTCUSD|1775772432|48.9|43.6914|42.933|0.944|48.6172|0.7651
BTCUSD|1775772738|45.76|43.6914|42.8602|0.9364|48.6172|0.779
BTCUSD|1775773047|36.99|43.6914|42.5663|0.9559|48.6172|0.7579
BTCUSD|1775773353|28.74|43.6914|42.4816|0.9446|48.6172|0.7386
BTCUSD|1775773662|32.64|43.6914|42.4441|0.9451|48.6172|0.7775
BTCUSD|1775773968|44.34|43.6914|42.8353|0.944|48.6172|0.7547
BTCUSD|1775774277|47.52|43.6914|42.9475|0.9442|48.6172|0.7455
BTCUSD|1775774583|48.01|43.6914|42.8155|0.9631|48.6172|0.7514
BTCUSD|1775774892|53.44|43.6914|42.9839|0.9559|48.6172|0.7601
BTCUSD|1775775198|44.57|43.6914|42.6972|0.962|48.6172|0.7623
BTCUSD|1775775507|46.78|43.6914|42.7819|0.958|48.6172|0.7629
BTCUSD|1775775813|42.67|43.6914|42.6401|0.9627|48.6172|0.7627
BTCUSD|1775776122|48.77|43.6914|42.7783|0.9622|48.6172|0.7725
BTCUSD|1775776429|42.8|43.6914|42.6857|0.9647|48.6172|0.7443
BTCUSD|1775776737|42.12|43.6914|42.6776|0.9574|48.6172|0.7572
BTCUSD|1775777044|49.59|43.6914|42.834|0.9635|48.6172|0.7584
BTCUSD|1775777352|42.81|43.6914|42.6521|0.9569|48.6172|0.7729
BTCUSD|1775777658|44.1|43.6914|42.671|0.961|48.6172|0.769
BTCUSD|1775777967|41.57|43.6914|42.6341|0.9576|48.6172|0.7663
BTCUSD|1775778273|44.59|43.6914|42.6714|0.965|48.6172|0.7643
BTCUSD|1775778582|49.07|43.6914|42.8001|0.964|48.6172|0.7639
BTCUSD|1775778888|42.47|43.6914|42.6016|0.9653|48.6172|0.7679
BTCUSD|1775779197|41.23|43.6914|42.571|0.962|48.6172|0.7743
BTCUSD|1775779503|37.23|43.1308|42.5594|0.9528|69.4379|0.763
BTCUSD|1775779812|41.05|43.1308|42.648|0.9526|69.4379|0.7682
BTCUSD|1775780118|39.17|43.1308|42.6251|0.9521|69.4379|0.7601
BTCUSD|1775780427|37.52|43.1308|42.3375|0.9652|69.4379|0.7761
BTCUSD|1775780734|36.17|43.1308|42.2595|0.9666|69.4379|0.7609
BTCUSD|1775781042|48.03|43.1308|42.7152|0.9575|69.4379|0.7686
BTCUSD|1775781348|42.95|43.1308|42.6179|0.9473|69.4379|0.7714
BTCUSD|1775781657|42.1|43.1308|42.5845|0.9475|69.4379|0.772
BTCUSD|1775781963|42.21|43.1308|42.6312|0.9548|69.4379|0.7446
BTCUSD|1775782272|42.7|43.1308|42.6308|0.9545|69.4379|0.7497
BTCUSD|1775782578|42.81|43.1308|42.6429|0.9481|69.4379|0.7618
BTCUSD|1775782879|46.33|43.1308|42.7183|0.9568|69.4379|0.7542
BTCUSD|1775783187|43.79|43.1308|42.7177|0.9549|69.4379|0.736
BTCUSD|1775783494|43.84|43.1308|42.5887|0.9544|69.4379|0.771
BTCUSD|1775783802|43.61|43.1308|42.6916|0.9531|69.4379|0.7452
BTCUSD|1775784109|41.48|43.1308|42.6897|0.9448|69.4379|0.7452
BTCUSD|1775784417|44.07|43.1308|42.6617|0.9519|69.4379|0.7597
BTCUSD|1775784723|49.46|43.1308|42.7769|0.9589|69.4379|0.7622
BTCUSD|1775785032|51.21|43.1308|42.856|0.9506|69.4379|0.7758
BTCUSD|1775785338|48.03|43.1308|42.7132|0.9556|69.4379|0.7734
BTCUSD|1775785647|49.19|43.1308|42.8065|0.9519|69.4379|0.7677
BTCUSD|1775785954|49.3|43.1308|42.881|0.952|69.4379|0.7491
BTCUSD|1775786262|46.16|43.1308|42.7564|0.9601|69.4379|0.7354
BTCUSD|1775786569|43.42|43.1308|42.7192|0.9501|69.4379|0.743
BTCUSD|1775786877|41.03|43.1308|42.5984|0.9533|69.4379|0.7459
BTCUSD|1775787183|50.49|43.1308|42.8652|0.9543|69.4379|0.7587
BTCUSD|1775787492|45.97|43.1308|42.7347|0.9545|69.4379|0.7519
BTCUSD|1775787799|45.47|43.1308|42.6335|0.9551|69.4379|0.7724
BTCUSD|1775788107|46.39|43.1308|42.7186|0.9485|69.4379|0.7732
BTCUSD|1775788413|53.89|43.1308|42.8585|0.9541|69.4379|0.7944
BTCUSD|1775788722|46.52|43.1308|42.7208|0.948|69.4379|0.7775
BTCUSD|1775789028|43.38|43.1308|42.5962|0.957|69.4379|0.7612
BTCUSD|1775789337|43.98|43.1308|42.6798|0.9473|69.4379|0.7667
BTCUSD|1775789643|43.56|43.1308|42.6799|0.9498|69.4379|0.757
BTCUSD|1775789952|39.19|43.1308|42.6836|0.9431|69.4379|0.7312
BTCUSD|1775790259|39.02|43.1308|42.6338|0.9449|69.4379|0.7388
BTCUSD|1775790567|40.47|43.1308|42.6357|0.9462|69.4379|0.7487
BTCUSD|1775790873|38.74|43.1308|42.6164|0.9446|69.4379|0.7416
BTCUSD|1775791182|46.53|43.1308|42.8534|0.9463|69.4379|0.7459
BTCUSD|1775791489|42.24|43.1308|42.749|0.9447|69.4379|0.738
BTCUSD|1775791797|35.9|43.1308|42.6055|0.9397|69.4379|0.7297
BTCUSD|1775792103|47.6|43.1308|42.8362|0.9463|69.4379|0.7604
BTCUSD|1775792412|39.61|43.1308|42.7215|0.9399|69.4379|0.7323
BTCUSD|1775792718|43.56|43.1308|42.7641|0.9432|69.4379|0.7496
BTCUSD|1775793027|42.87|43.1308|42.7916|0.9422|69.4379|0.7382
BTCUSD|1775793333|37.97|43.1308|42.6575|0.9349|69.4379|0.7459
BTCUSD|1775793642|38.97|43.1308|42.6264|0.9346|69.4379|0.7642
BTCUSD|1775793948|41.75|43.1308|42.7244|0.9351|69.4379|0.7623
BTCUSD|1775794257|40.59|43.1308|42.7073|0.937|69.4379|0.7518
BTCUSD|1775794564|36.94|43.1308|42.637|0.9325|69.4379|0.7474
BTCUSD|1775794872|42.58|43.1308|42.8008|0.9329|69.4379|0.7545
BTCUSD|1775795178|39.92|43.1308|42.6208|0.9342|69.4379|0.7754
BTCUSD|1775795487|39.43|43.1308|42.6455|0.9356|69.4379|0.761
BTCUSD|1775795794|35.48|43.1308|42.5535|0.9397|69.4379|0.7398
BTCUSD|1775796102|38.08|43.1308|42.6368|0.9362|69.4379|0.7495
BTCUSD|1775796408|39.92|43.1308|42.6132|0.9427|69.4379|0.7578
BTCUSD|1775796717|38.07|43.1308|42.5977|0.9277|69.4379|0.7779
BTCUSD|1775797023|41.42|43.1308|42.7575|0.9391|69.4379|0.7398
BTCUSD|1775797332|44.96|43.1308|42.822|0.9419|69.4379|0.7487
BTCUSD|1775797638|37.3|43.1308|42.6421|0.9426|69.4379|0.7248
BTCUSD|1775797947|39.91|43.1308|42.7381|0.9342|69.4379|0.7423
BTCUSD|1775798253|39.55|43.1308|42.7393|0.9376|69.4379|0.7309
BTCUSD|1775798562|37.63|43.1308|42.6406|0.943|69.4379|0.7274
BTCUSD|1775798868|43.56|43.1308|42.7713|0.9408|69.4379|0.752
BTCUSD|1775799177|42.72|43.1308|42.8055|0.9411|69.4379|0.7343
BTCUSD|1775799483|40.89|43.1308|42.6897|0.9426|69.4379|0.7452
BTCUSD|1775799792|42.61|43.1308|42.7913|0.9383|69.4379|0.7435
BTCUSD|1775800098|40.62|43.1308|42.6948|0.9312|69.4379|0.7673
BTCUSD|1775800407|38.8|43.1308|42.6612|0.9305|69.4379|0.7612
BTCUSD|1775800713|39.68|43.1308|42.7054|0.934|69.4379|0.7494
BTCUSD|1775801022|37.95|43.1308|42.6715|0.9312|69.4379|0.749
BTCUSD|1775801329|37.18|43.1308|42.6625|0.9316|69.4379|0.7434
BTCUSD|1775801637|35.64|43.1308|42.616|0.9363|69.4379|0.7309
BTCUSD|1775801943|32.31|43.1308|42.5587|0.9255|69.4379|0.7352
BTCUSD|1775802252|35.5|43.1308|42.5769|0.9324|69.4379|0.7446
BTCUSD|1775802558|36.3|43.1308|42.6172|0.934|69.4379|0.7376
BTCUSD|1775802867|35.11|43.1308|42.5091|0.9349|69.4379|0.7537
BTCUSD|1775803173|35.25|43.1308|42.6218|0.932|69.4379|0.7311
BTCUSD|1775803482|36.61|43.1308|42.6501|0.9279|69.4379|0.7451
BTCUSD|1775803788|34.45|43.1308|42.566|0.9323|69.4379|0.738
BTCUSD|1775804097|34.34|43.1308|42.56|0.9349|69.4379|0.7329
BTCUSD|1775804404|37.27|43.1308|42.6461|0.9321|69.4379|0.743
BTCUSD|1775804712|38.69|43.1308|42.6893|0.9251|69.4379|0.759
BTCUSD|1775805018|36.48|43.1308|42.5575|0.9299|69.4379|0.7635
BTCUSD|1775805327|34.44|43.1308|42.6309|0.9249|69.4379|0.7355
BTCUSD|1775805634|36.1|43.1308|42.5141|0.9325|69.4379|0.7656
BTCUSD|1775805942|38.83|43.1308|42.6153|0.9394|69.4379|0.7485
BTCUSD|1775806248|27.2|43.1308|42.3778|0.9256|69.4379|0.7352
BTCUSD|1775806557|36.52|43.1308|42.6106|0.9292|69.4379|0.7508
BTCUSD|1775806863|29.61|43.1308|42.3825|0.9331|69.4379|0.7398
BTCUSD|1775807172|36.54|43.1308|42.5573|0.9394|69.4379|0.743
BTCUSD|1775807478|32.06|43.1308|42.1865|0.9501|69.4379|0.7584
BTCUSD|1775807787|39.76|43.1308|42.5557|0.9355|69.4379|0.7698
BTCUSD|1775808093|39.41|43.1308|42.4804|0.9434|79.0588|0.768
BTCUSD|1775808402|36.37|43.1308|42.3311|0.9415|79.0588|0.7811
BTCUSD|1775808709|31.52|43.1308|41.8333|0.9391|79.0588|0.7774
BTCUSD|1775809017|36.62|43.1308|42.2598|0.9372|79.0588|0.752
BTCUSD|1775809324|30.71|43.1308|41.7933|0.9403|79.0588|0.7673
BTCUSD|1775809632|30.28|43.1308|41.6349|0.9385|79.0588|0.7673
BTCUSD|1775809939|29.42|43.1308|41.6327|0.9326|79.0588|0.7722
BTCUSD|1775810247|35.17|43.1308|42.1116|0.9113|79.0588|0.7677
BTCUSD|1775810553|36.02|43.1308|42.1618|0.9101|79.0588|0.7677
BTCUSD|1775810862|30.66|43.1308|41.6304|0.9306|79.0588|0.7642
BTCUSD|1775811168|36.15|43.1308|42.0885|0.9207|79.0588|0.7613
BTCUSD|1775811477|35.59|43.1308|42.0302|0.9144|79.0588|0.7763
BTCUSD|1775811783|28.77|43.1308|41.6229|0.9165|79.0588|0.7717
BTCUSD|1775812092|28.65|43.1308|41.6622|0.9166|79.0588|0.7644
BTCUSD|1775812398|33.15|43.1308|41.9966|0.8918|79.0588|0.7658
BTCUSD|1775812707|33.33|43.1308|41.9874|0.8898|79.0588|0.7689
BTCUSD|1775813013|33.97|43.1308|42.0234|0.8759|79.0588|0.7692
BTCUSD|1775813013|33.97|43.1308|42.0234|0.8759|79.0588|0.7692
BTCUSD|1775813322|33.95|43.1308|42.0545|0.8846|79.0588|0.7535
BTCUSD|1775813628|38.09|43.1308|42.1697|0.8838|79.0588|0.7749
BTCUSD|1775813937|38.99|43.1308|42.191|0.8911|79.0588|0.7709
BTCUSD|1775814243|39.04|43.1308|42.1324|0.9081|79.0588|0.7595
BTCUSD|1775814552|41.16|43.1308|42.1758|0.9057|79.0588|0.7753
BTCUSD|1775814858|39.55|43.1308|42.1284|0.8984|79.0588|0.7768
BTCUSD|1775815167|38.24|43.1308|42.0921|0.9037|79.0588|0.7638
BTCUSD|1775815473|40.31|43.1308|42.1459|0.8964|79.0588|0.7836
BTCUSD|1775815782|41.77|43.1308|42.1662|0.8988|79.0588|0.7909
BTCUSD|1775816088|40.27|43.1308|42.0739|0.8963|79.0588|0.8056
BTCUSD|1775816397|37.95|43.1308|42.0087|0.8933|79.0588|0.7971
BTCUSD|1775816703|35.8|43.1308|41.96|0.8932|79.0588|0.7834
BTCUSD|1775817012|40.45|43.1308|42.0725|0.9|79.0588|0.8026
BTCUSD|1775817318|39.29|43.1308|42.0684|0.9006|79.0588|0.7905
BTCUSD|1775817627|40.57|43.1308|42.1709|0.8972|79.0588|0.7907
BTCUSD|1775817933|40.06|43.1308|42.1457|0.8932|79.0588|0.7953
BTCUSD|1775818242|35.54|43.1308|41.9879|0.8876|79.0588|0.7836
BTCUSD|1775818548|37.53|43.1308|41.9648|0.8895|79.0588|0.8236
BTCUSD|1775818857|38.05|43.1308|41.9743|0.8922|79.0588|0.8267
BTCUSD|1775819163|36.29|43.1308|41.975|0.8902|79.0588|0.8079
BTCUSD|1775819472|37.77|43.1308|41.9826|0.8956|79.0588|0.8158
BTCUSD|1775819778|39.51|43.1308|42.023|0.8975|79.0588|0.8259
BTCUSD|1775820087|39.5|43.1308|42.0885|0.8901|79.0588|0.8244
BTCUSD|1775820393|39.43|43.1308|42.0243|0.9052|79.0588|0.8118
BTCUSD|1775820702|41.72|43.1308|42.1143|0.9021|79.0588|0.8285
BTCUSD|1775821008|41.66|43.1308|42.2036|0.8998|79.0588|0.8128
BTCUSD|1775821317|41.01|43.1308|42.0699|0.9046|79.0588|0.8248
BTCUSD|1775821623|40.63|43.1308|42.0886|0.9065|79.0588|0.8128
BTCUSD|1775821932|41.6|43.1308|42.0616|0.9078|79.0588|0.8287
BTCUSD|1775822238|37.41|43.1308|41.8489|0.9084|79.0588|0.8197
BTCUSD|1775822547|40.76|43.1308|42.0516|0.9028|79.0588|0.8338
BTCUSD|1775822853|40.41|43.1308|42.0325|0.9068|79.0588|0.8263
BTCUSD|1775823162|39.26|43.1308|42.0198|0.9088|79.0588|0.8105
BTCUSD|1775823468|40.56|43.1308|42.0739|0.9118|79.0588|0.8104
BTCUSD|1775823777|42.21|43.1308|42.162|0.9132|79.0588|0.8103
BTCUSD|1775824083|40.1|43.1308|41.9884|0.91|79.0588|0.8264
BTCUSD|1775824392|40.43|43.1308|42.0832|0.8977|79.0588|0.8314
BTCUSD|1775824698|40.0|43.1308|42.0812|0.9004|79.0588|0.8215
BTCUSD|1775825007|42.37|43.1308|42.1967|0.9119|79.0588|0.807
BTCUSD|1775825313|43.79|43.1308|42.2043|0.9124|79.0588|0.8232
BTCUSD|1775825622|40.29|43.1308|42.141|0.9035|79.0588|0.8067
BTCUSD|1775825929|41.13|43.1308|42.2052|0.9015|79.0588|0.8071
BTCUSD|1775826237|43.65|43.1308|42.3218|0.902|79.0588|0.8137
BTCUSD|1775826543|40.44|43.1308|42.1089|0.9027|79.0588|0.8171
BTCUSD|1775826852|38.48|43.1308|42.1122|0.8899|79.0588|0.8131
BTCUSD|1775827158|39.9|43.1308|42.1154|0.8975|79.0588|0.8177
BTCUSD|1775827467|42.1|43.1308|42.1583|0.9035|79.0588|0.8267
BTCUSD|1775827774|41.28|43.1308|42.0931|0.906|79.0588|0.8259
BTCUSD|1775828082|40.2|43.1308|42.1503|0.9034|79.0588|0.8036
BTCUSD|1775828388|42.43|43.1308|42.1521|0.9069|79.0588|0.8264
BTCUSD|1775828697|39.09|43.1308|42.0652|0.8945|79.0588|0.8234
BTCUSD|1775829003|36.64|43.1308|41.9686|0.8949|79.0588|0.8117
BTCUSD|1775829312|38.04|43.1308|42.0009|0.897|79.0588|0.8193
BTCUSD|1775829618|34.88|43.1308|41.8454|0.8945|79.0588|0.8163
BTCUSD|1775829927|32.97|43.1308|41.8486|0.8708|79.0588|0.8232
BTCUSD|1775830233|34.32|43.1308|41.9489|0.8688|79.0588|0.8189
BTCUSD|1775830542|28.69|43.1308|41.6212|0.878|79.0588|0.8013
BTCUSD|1775830848|31.95|43.1308|41.7314|0.8842|79.0588|0.8098
BTCUSD|1775831157|34.65|43.1308|41.7411|0.8955|79.0588|0.8245
BTCUSD|1775831463|36.2|43.1308|41.7787|0.9021|79.0588|0.8258
BTCUSD|1775831772|40.14|43.1308|41.9749|0.907|79.0588|0.8264
BTCUSD|1775832078|38.89|43.1308|41.9029|0.9076|79.0588|0.8248
BTCUSD|1775832387|38.55|43.1308|41.8599|0.9134|79.0588|0.8202
BTCUSD|1775832693|38.95|43.1308|41.9288|0.9086|79.0588|0.8182
BTCUSD|1775833002|37.94|43.1308|41.8656|0.9032|79.0588|0.8277
BTCUSD|1775833309|36.8|43.1308|41.8298|0.9071|79.0588|0.8141
BTCUSD|1775833617|36.56|43.1308|41.7547|0.9035|79.0588|0.8335
BTCUSD|1775833923|35.97|43.1308|41.7497|0.9058|79.0588|0.823
BTCUSD|1775834232|38.09|43.1308|41.903|0.9101|79.0588|0.81
BTCUSD|1775834538|38.52|43.1308|41.8203|0.9159|79.0588|0.8243
BTCUSD|1775834847|37.32|43.1308|41.8482|0.9065|79.0588|0.8179
BTCUSD|1775835154|36.94|43.1308|41.7859|0.904|79.0588|0.8308
BTCUSD|1775835462|36.22|43.1308|41.7881|0.9037|79.0588|0.8213
BTCUSD|1775835768|37.6|43.1308|41.837|0.9006|79.0588|0.8339
BTCUSD|1775836077|35.58|43.1308|41.7752|0.9067|79.0588|0.8108
BTCUSD|1775836383|42.71|43.1308|42.0998|0.9082|79.0588|0.8309
BTCUSD|1775836692|44.35|43.1308|42.1827|0.9112|79.0588|0.8292
BTCUSD|1775836998|33.33|42.8435|42.1802|0.9081|42.1595|0.831
BTCUSD|1775837299|33.88|42.8435|42.1901|0.9127|42.1595|0.8284
BTCUSD|1775837607|28.03|42.8435|41.8462|0.9115|42.1595|0.829
BTCUSD|1775837914|26.66|42.8435|41.8488|0.9137|42.1595|0.8067
BTCUSD|1775838222|25.98|42.8435|41.7121|0.918|42.1595|0.8208
BTCUSD|1775838528|28.23|42.8435|41.7891|0.9225|42.1595|0.8261
BTCUSD|1775838837|29.15|42.8435|41.9326|0.9175|42.1595|0.8148
BTCUSD|1775839143|27.57|42.8435|41.9198|0.9128|42.1595|0.8046
BTCUSD|1775839452|31.48|42.8435|42.0455|0.9145|42.1595|0.8257
BTCUSD|1775839759|30.82|42.8435|41.9823|0.9185|42.1595|0.8242
BTCUSD|1775840067|29.67|42.8435|41.9773|0.9163|42.1595|0.8138
BTCUSD|1775840373|29.96|42.8435|41.9922|0.9191|42.1595|0.8098
BTCUSD|1775840682|27.54|42.8435|41.8843|0.912|42.1595|0.8134
BTCUSD|1775840988|27.19|42.8435|41.8886|0.9086|42.1595|0.8134
BTCUSD|1775841297|29.66|42.8435|42.0287|0.9093|42.1595|0.814
BTCUSD|1775841603|31.44|42.8435|42.0983|0.9135|42.1595|0.8152
BTCUSD|1775841912|29.08|42.8435|41.9611|0.9089|42.1595|0.8219
BTCUSD|1775842219|29.87|42.8435|42.0841|0.9109|42.1595|0.8019
BTCUSD|1775842527|26.27|42.8435|41.9085|0.9054|42.1595|0.8022
BTCUSD|1775842833|29.4|42.8435|42.0313|0.9095|42.1595|0.8096
BTCUSD|1775843134|30.55|42.8435|42.0197|0.9092|42.1595|0.8278
BTCUSD|1775843442|31.0|42.8435|42.0398|0.9165|42.1595|0.8173
BTCUSD|1775843749|31.94|42.8435|42.0619|0.9226|42.1595|0.8147
BTCUSD|1775844057|29.81|42.8435|41.9586|0.9173|42.1595|0.8181
BTCUSD|1775844363|31.55|42.8435|42.0786|0.9095|42.1595|0.8275
BTCUSD|1775844672|31.86|42.8435|42.0812|0.9146|42.1595|0.8226
BTCUSD|1775844978|32.46|42.8435|42.0333|0.9278|42.1595|0.8192
BTCUSD|1775845287|30.12|42.8435|42.0129|0.9098|42.1595|0.8227
BTCUSD|1775845593|27.21|42.8435|41.9067|0.9117|42.1595|0.8046
BTCUSD|1775845902|30.46|42.8435|41.9249|0.9177|42.1595|0.8335
BTCUSD|1775846208|27.57|42.8435|41.9798|0.8997|42.1595|0.813
BTCUSD|1775846517|27.73|42.8435|41.9719|0.8982|42.1595|0.8194
BTCUSD|1775846823|28.25|42.8435|41.9512|0.9051|42.1595|0.8194
BTCUSD|1775847132|25.82|42.8435|41.8066|0.8962|42.1595|0.8381
BTCUSD|1775847438|31.09|42.8435|42.0485|0.9085|42.1595|0.8338
BTCUSD|1775847747|30.75|42.8435|41.8926|0.9246|42.1595|0.8372
BTCUSD|1775848053|30.19|42.8435|41.8904|0.9257|42.1595|0.8282
BTCUSD|1775848362|29.68|42.8435|41.8617|0.9216|42.1595|0.8348
BTCUSD|1775848668|27.18|42.8435|41.9094|0.9026|42.1595|0.8224
BTCUSD|1775848977|26.13|42.8435|41.8201|0.9104|42.1595|0.815
BTCUSD|1775849283|25.44|42.8435|41.7979|0.9034|42.1595|0.8226
BTCUSD|1775849592|25.76|42.8435|41.8689|0.8932|42.1595|0.8283
BTCUSD|1775849898|28.84|42.8435|41.9717|0.9082|42.1595|0.8212
BTCUSD|1775850207|26.13|42.8435|41.8991|0.9022|42.1595|0.8111
BTCUSD|1775850513|26.66|42.8435|41.8287|0.9021|42.1595|0.8345
BTCUSD|1775850822|26.86|42.8435|41.8415|0.9027|42.1595|0.8332
BTCUSD|1775851129|30.99|42.8435|41.827|0.9359|42.1595|0.8361
BTCUSD|1775851430|32.31|42.8435|41.965|0.9325|42.1595|0.8285
BTCUSD|1775851737|32.53|42.8435|41.8553|0.9451|42.1595|0.8349
BTCUSD|1775852043|29.06|42.8435|41.7544|0.9375|42.1595|0.8235
BTCUSD|1775852352|29.86|42.8435|41.8059|0.9389|42.1595|0.8203
BTCUSD|1775852658|28.59|42.8435|41.8403|0.9311|42.1595|0.8086
BTCUSD|1775852967|31.83|42.8435|41.8794|0.9393|42.1595|0.8297
BTCUSD|1775853274|32.14|42.8435|41.8346|0.9463|42.1595|0.8322
BTCUSD|1775853582|28.27|42.8435|41.8638|0.9158|42.1595|0.825
BTCUSD|1775853888|30.89|42.8435|41.783|0.9437|42.1595|0.8314
BTCUSD|1775854197|31.39|42.8435|41.8254|0.9441|42.1595|0.8278
BTCUSD|1775854503|35.63|42.8435|42.0131|0.9535|42.1595|0.8268
BTCUSD|1775854812|33.07|42.8435|41.9935|0.9419|42.1595|0.8162
BTCUSD|1775855118|30.86|42.8435|41.8718|0.9391|42.1595|0.8186
BTCUSD|1775855427|33.0|42.8435|41.9921|0.9379|42.1595|0.8224
BTCUSD|1775855733|27.13|42.8435|41.891|0.9009|42.1595|0.8287
BTCUSD|1775856042|25.7|42.8435|41.7739|0.9052|42.1595|0.8286
BTCUSD|1775856349|25.6|42.8435|41.7476|0.918|42.1595|0.8113
BTCUSD|1775856657|25.87|42.8435|41.7879|0.9174|42.1595|0.8069
BTCUSD|1775856963|24.8|42.8435|41.6894|0.9116|42.1595|0.8246
BTCUSD|1775857272|26.02|42.8435|41.7027|0.9157|42.1595|0.8312
BTCUSD|1775857578|22.79|42.8435|41.5843|0.9134|42.1595|0.8097
BTCUSD|1775857887|26.05|42.8435|41.7259|0.9091|42.1595|0.8299
BTCUSD|1775858193|26.69|42.8435|41.7723|0.9164|42.1595|0.8159
BTCUSD|1775858502|26.39|42.8435|41.7156|0.926|42.1595|0.808
BTCUSD|1775858808|32.06|42.8435|41.821|0.9448|42.1595|0.8297
BTCUSD|1775859117|24.34|42.8435|41.722|0.9083|42.1595|0.8089
BTCUSD|1775859424|24.91|42.8435|41.7357|0.9106|42.1595|0.8097
BTCUSD|1775859732|24.41|42.8435|41.7393|0.9062|42.1595|0.8097
BTCUSD|1775860038|26.22|42.8435|41.726|0.9137|42.1595|0.8244
BTCUSD|1775860347|26.08|42.8435|41.7574|0.9102|42.1595|0.8215
BTCUSD|1775860653|24.34|42.8435|41.684|0.9106|42.1595|0.8134
BTCUSD|1775860962|28.9|42.8435|41.8181|0.9156|42.1595|0.8372
BTCUSD|1775861268|26.85|42.8435|41.7971|0.9105|42.1595|0.8226
BTCUSD|1775861577|25.45|42.8435|41.7222|0.9069|42.1595|0.8264
BTCUSD|1775861883|27.2|42.8435|41.7527|0.9157|42.1595|0.8284
BTCUSD|1775862192|27.81|42.8435|41.8786|0.9064|42.1595|0.8246
BTCUSD|1775862499|26.54|42.8435|41.7104|0.9121|42.1595|0.835
BTCUSD|1775862807|26.01|42.8435|41.7239|0.907|42.1595|0.8335
BTCUSD|1775863113|27.01|42.8435|41.8078|0.9122|42.1595|0.8195
BTCUSD|1775863422|24.01|42.8435|41.6661|0.9066|42.1595|0.8197
BTCUSD|1775863728|24.71|42.8435|41.6399|0.9115|42.1595|0.8267
BTCUSD|1775864037|26.72|42.8435|41.7946|0.9095|42.1595|0.8231
BTCUSD|1775864344|26.37|42.8435|41.7459|0.9135|42.1595|0.8224
BTCUSD|1775864652|26.51|42.8435|41.742|0.912|42.1595|0.8277
BTCUSD|1775864959|25.91|42.8435|41.7212|0.9081|42.1595|0.8308
BTCUSD|1775865267|25.75|42.8435|41.7388|0.9113|42.1595|0.8193
BTCUSD|1775865573|26.15|42.8435|41.7224|0.9174|42.1595|0.818
BTCUSD|1775865882|17.7|42.5837|41.6974|0.912|19.8391|0.8059
BTCUSD|1775866188|18.31|42.5837|41.6746|0.9066|19.8391|0.8285
BTCUSD|1775866497|17.99|42.5837|41.6817|0.9079|19.8391|0.8204
BTCUSD|1775866803|17.77|42.5837|41.6848|0.9084|19.8391|0.8158
BTCUSD|1775867112|18.41|42.5837|41.6776|0.9064|19.8391|0.8295
BTCUSD|1775867418|17.45|42.5837|41.6671|0.9044|19.8391|0.8223
BTCUSD|1775867727|19.59|42.5837|41.6773|0.9178|19.8391|0.8262
BTCUSD|1775868033|19.52|42.5837|41.7442|0.9107|19.8391|0.8226
BTCUSD|1775868342|18.42|42.5837|41.6365|0.9181|19.8391|0.8189
BTCUSD|1775868648|21.81|42.5837|41.8398|0.919|19.8391|0.8183
BTCUSD|1775868957|20.97|42.5837|41.8506|0.9111|19.8391|0.818
BTCUSD|1775869263|21.15|42.5837|41.8459|0.9107|19.8391|0.8222
BTCUSD|1775869572|23.87|42.5837|41.8539|0.922|19.8391|0.8541
BTCUSD|1775869878|23.27|42.5837|41.8444|0.9202|19.8391|0.8508
BTCUSD|1775870187|18.93|42.5837|41.6807|0.9102|19.8391|0.8445
BTCUSD|1775870494|23.22|42.5837|41.8823|0.9131|19.8391|0.8619
BTCUSD|1775870802|23.22|42.5837|41.9479|0.9056|19.8391|0.8599
BTCUSD|1775871109|24.42|42.5837|41.9096|0.9213|19.8391|0.8576
BTCUSD|1775871417|19.62|42.5837|41.7774|0.9097|19.8391|0.8386
BTCUSD|1775871724|24.14|42.5837|41.9436|0.919|19.8391|0.8489
BTCUSD|1775872032|23.33|42.5837|41.908|0.9203|19.8391|0.8426
BTCUSD|1775872338|24.53|42.5837|41.9446|0.9162|19.8391|0.8605
BTCUSD|1775872647|24.24|42.5837|41.9303|0.9275|19.8391|0.8368
BTCUSD|1775872953|25.27|42.5837|42.0038|0.9267|19.8391|0.8357
BTCUSD|1775873262|24.25|42.5837|41.9379|0.9237|19.8391|0.8427
BTCUSD|1775873569|24.56|42.5837|41.971|0.9133|19.8391|0.8599
BTCUSD|1775873877|23.98|42.5837|41.9346|0.9128|19.8391|0.861
BTCUSD|1775874183|21.27|42.5837|41.8288|0.9172|19.8391|0.8365
BTCUSD|1775874492|20.86|42.5837|41.8258|0.914|19.8391|0.8372
BTCUSD|1775874799|25.33|42.5837|42.0176|0.9261|19.8391|0.8343
BTCUSD|1775875107|26.57|42.5837|42.0363|0.9302|19.8391|0.841
BTCUSD|1775875413|24.35|42.5837|41.9519|0.9201|19.8391|0.8479
BTCUSD|1775875722|25.82|42.5837|42.0492|0.9201|19.8391|0.846
BTCUSD|1775876028|22.79|42.5837|41.8995|0.9174|19.8391|0.842
BTCUSD|1775876337|27.44|42.5837|42.1155|0.9219|19.8391|0.851
BTCUSD|1775876643|24.32|42.5837|41.9661|0.9224|19.8391|0.8391
BTCUSD|1775876952|24.79|42.5837|41.9684|0.9228|19.8391|0.8451
BTCUSD|1775877258|25.94|42.5837|42.0148|0.9253|19.8391|0.8464
BTCUSD|1775877567|27.05|42.5837|42.0522|0.9324|19.8391|0.8402
BTCUSD|1775877873|27.09|42.5837|42.0463|0.9314|19.8391|0.8443
BTCUSD|1775878182|29.76|42.5837|42.175|0.9354|19.8391|0.8454
BTCUSD|1775878488|25.63|42.5837|42.0002|0.9297|19.8391|0.8364
BTCUSD|1775878797|28.57|42.5837|42.1117|0.9295|19.8391|0.8547
BTCUSD|1775879103|25.59|42.5837|41.9937|0.9266|19.8391|0.8438
BTCUSD|1775879412|25.83|42.5837|41.9971|0.9272|19.8391|0.8455
BTCUSD|1775879718|23.05|42.5837|41.8499|0.9294|19.8391|0.835
BTCUSD|1775880027|23.7|42.5837|41.8831|0.923|19.8391|0.8496
BTCUSD|1775880332|23.19|42.5837|41.8935|0.9182|19.8391|0.8484
BTCUSD|1775880633|24.25|42.5837|41.9216|0.922|19.8391|0.8504
BTCUSD|1775880942|21.77|42.5837|41.8354|0.9202|19.8391|0.8367
BTCUSD|1775881248|26.11|42.5837|41.9329|0.932|19.8391|0.857
BTCUSD|1775881549|26.27|42.5837|42.0212|0.9194|19.8391|0.8664
BTCUSD|1775881857|22.63|42.5837|41.838|0.9205|19.8391|0.8533
BTCUSD|1775882163|26.18|42.5837|41.9787|0.9294|19.8391|0.8557
BTCUSD|1775882472|23.27|42.5837|41.821|0.9248|19.8391|0.8595
BTCUSD|1775882778|27.3|42.5837|42.0545|0.9249|19.8391|0.8631
BTCUSD|1775883087|25.54|42.5837|41.9466|0.9259|19.8391|0.8609
BTCUSD|1775883393|25.15|42.5837|41.9895|0.9193|19.8391|0.8566
BTCUSD|1775883702|25.9|42.5837|41.9805|0.925|19.8391|0.8596
BTCUSD|1775884008|26.56|42.5837|42.1297|0.9144|19.8391|0.8523
BTCUSD|1775884317|25.72|42.5837|41.9973|0.9273|19.8391|0.8475
BTCUSD|1775884623|28.3|42.5837|42.0945|0.9315|19.8391|0.8552
BTCUSD|1775884932|27.54|42.5837|42.0893|0.9215|19.8391|0.8647
BTCUSD|1775885238|26.9|42.5837|42.0912|0.9206|19.8391|0.8555
BTCUSD|1775885547|27.64|42.5837|42.0572|0.9291|19.8391|0.8593
BTCUSD|1775885854|26.86|42.5837|42.0684|0.9236|19.8391|0.8548
BTCUSD|1775886162|26.9|42.5837|41.989|0.9303|19.8391|0.8628
BTCUSD|1775886468|23.03|42.5837|41.9277|0.9227|19.8391|0.8313
BTCUSD|1775886777|23.68|42.5837|41.9342|0.925|19.8391|0.8355
BTCUSD|1775887083|28.03|42.5837|42.0895|0.9279|19.8391|0.8595
BTCUSD|1775887392|30.78|42.5837|42.3269|0.9267|19.8391|0.8435
BTCUSD|1775887699|25.91|42.5837|42.1008|0.9152|19.8391|0.8478
BTCUSD|1775888007|25.59|42.5837|42.0729|0.9161|19.8391|0.8482
BTCUSD|1775888314|27.53|42.5837|42.1575|0.9142|19.8391|0.8613
BTCUSD|1775888622|27.99|42.5837|42.1632|0.9181|19.8391|0.8592
BTCUSD|1775888928|30.79|42.5837|42.2427|0.9266|19.8391|0.8668
BTCUSD|1775889237|29.1|42.5837|42.1769|0.9236|19.8391|0.8628
BTCUSD|1775889543|27.36|42.5837|42.0831|0.9216|19.8391|0.8635
BTCUSD|1775889852|27.93|42.5837|42.0943|0.9231|19.8391|0.8675
BTCUSD|1775890159|28.53|42.5837|42.1096|0.9295|19.8391|0.86
BTCUSD|1775890467|29.15|42.5837|42.244|0.9185|19.8391|0.8568
BTCUSD|1775890773|27.9|42.5837|42.2443|0.9162|19.8391|0.8409
BTCUSD|1775891082|25.03|42.5837|42.0219|0.9205|19.8391|0.8444
BTCUSD|1775891388|27.02|42.5837|42.077|0.9202|19.8391|0.8632
BTCUSD|1775891697|27.84|42.5837|42.0791|0.9253|19.8391|0.8656
BTCUSD|1775892003|27.87|42.5837|42.0273|0.9313|19.8391|0.8686
BTCUSD|1775892312|29.11|42.5837|42.078|0.9346|19.8391|0.8702
BTCUSD|1775892618|29.33|42.5837|42.1637|0.93|19.8391|0.8601
BTCUSD|1775892927|28.99|42.5837|42.1649|0.9226|19.8391|0.8698
BTCUSD|1775893233|30.22|42.5837|42.1658|0.9322|19.8391|0.87
BTCUSD|1775893233|30.22|42.5837|42.1658|0.9322|19.8391|0.87
BTCUSD|1775893542|28.94|42.5837|42.1187|0.9337|19.8391|0.8581
BTCUSD|1775893848|26.34|42.5837|41.9718|0.9299|19.8391|0.8628
BTCUSD|1775894157|32.41|42.5837|42.1908|0.9467|19.8391|0.8692
BTCUSD|1775894463|30.27|42.5837|41.947|0.9381|29.7196|0.8701
BTCUSD|1775894766|30.89|42.5837|42.0118|0.9355|29.7196|0.8682
BTCUSD|1775895072|28.68|42.5837|41.8998|0.9323|29.7196|0.8684
BTCUSD|1775895378|32.69|42.5837|42.0305|0.9469|29.7196|0.8692
BTCUSD|1775895685|30.97|42.5837|41.9192|0.9472|29.7196|0.8744
BTCUSD|1775895987|32.21|42.5837|42.0456|0.9421|29.7196|0.8713
BTCUSD|1775896293|33.22|42.5837|42.0408|0.95|29.7196|0.873
BTCUSD|1775896602|33.12|42.5837|41.9866|0.9568|29.7196|0.8717
BTCUSD|1775896908|31.27|42.5837|41.904|0.9529|29.7196|0.8715
BTCUSD|1775897217|33.66|42.5837|42.1197|0.9435|29.7196|0.8725
BTCUSD|1775897523|30.58|42.5837|41.903|0.9507|29.7196|0.8647
BTCUSD|1775897832|30.07|42.5837|41.9402|0.9384|29.7196|0.8721
BTCUSD|1775898138|32.03|42.5837|42.0148|0.9442|29.7196|0.8723
BTCUSD|1775898447|34.89|42.5837|42.1167|0.9541|29.7196|0.8715
BTCUSD|1775898753|35.83|42.5837|42.1816|0.9559|29.7196|0.8657
BTCUSD|1775899062|30.73|42.5837|41.7999|0.9612|29.7196|0.8736
BTCUSD|1775899368|30.0|42.5837|41.7793|0.9598|29.7196|0.8698
BTCUSD|1775899677|29.27|42.5837|41.7922|0.9521|29.7196|0.8703
BTCUSD|1775899983|28.83|42.5837|41.7589|0.956|29.7196|0.8635
BTCUSD|1775900292|28.64|42.5837|41.7664|0.9485|29.7196|0.8745
BTCUSD|1775900598|28.51|42.5837|41.7656|0.9476|29.7196|0.8749
BTCUSD|1775900907|27.43|42.5837|41.7449|0.9437|29.7196|0.8704
BTCUSD|1775901213|28.17|42.5837|41.7649|0.9474|29.7196|0.8696
BTCUSD|1775901522|27.33|42.5837|41.7189|0.945|29.7196|0.8732
BTCUSD|1775901828|26.74|42.5837|41.711|0.9428|29.7196|0.87
BTCUSD|1775902137|27.27|42.5837|41.7229|0.9438|29.7196|0.8737
BTCUSD|1775902443|28.77|42.5837|41.8087|0.9525|29.7196|0.8566
BTCUSD|1775902752|28.85|42.5837|41.803|0.9464|29.7196|0.8728
BTCUSD|1775903058|27.88|42.5837|41.7656|0.9468|29.7196|0.8656
BTCUSD|1775903367|31.81|42.5837|41.9789|0.9488|29.7196|0.8692
BTCUSD|1775903673|30.08|42.5837|41.8669|0.9497|29.7196|0.8689
BTCUSD|1775903982|31.45|42.5837|41.8573|0.9648|29.7196|0.8624
BTCUSD|1775904288|28.17|42.5837|41.7779|0.9447|29.7196|0.8717
BTCUSD|1775904597|31.83|42.5837|41.9475|0.9509|29.7196|0.8737
BTCUSD|1775904901|31.22|42.5837|41.9076|0.9529|29.7196|0.8701
BTCUSD|1775905203|30.05|42.5837|41.7874|0.9584|29.7196|0.8719
BTCUSD|1775905203|30.05|42.5837|41.7874|0.9584|29.7196|0.8719
BTCUSD|1775905512|29.74|42.5837|41.7796|0.9569|29.7196|0.8719
BTCUSD|1775905818|32.93|42.5837|41.9789|0.9581|29.7196|0.8683
BTCUSD|1775905819|32.93|42.5837|41.9789|0.9581|29.7196|0.8683
BTCUSD|1775906127|32.2|42.5837|41.9876|0.9502|29.7196|0.8704
BTCUSD|1775906433|29.75|42.5837|41.783|0.9605|29.7196|0.8633
BTCUSD|1775906742|29.72|42.5837|41.7692|0.9579|29.7196|0.8723
BTCUSD|1775907048|30.35|42.5837|41.7991|0.963|29.7196|0.8638
BTCUSD|1775907357|30.18|42.5837|41.7949|0.9622|29.7196|0.8638
BTCUSD|1775907663|30.39|42.5837|41.7989|0.9635|29.7196|0.8635
BTCUSD|1775907972|30.36|42.5837|41.7918|0.9621|29.7196|0.868
BTCUSD|1775908278|32.06|42.5837|41.8975|0.9587|29.7196|0.8858
BTCUSD|1775908587|32.46|42.5837|41.9687|0.9547|29.7196|0.8811
BTCUSD|1775908893|31.7|42.5837|41.8445|0.9627|29.7196|0.8874
BTCUSD|1775909202|32.68|42.5837|41.9405|0.9581|29.7196|0.8888
BTCUSD|1775909508|31.1|42.5837|41.8508|0.9644|29.7196|0.8718
BTCUSD|1775909817|31.31|42.5837|41.8392|0.9622|29.7196|0.8843
BTCUSD|1775910123|31.85|42.5837|41.8754|0.962|29.7196|0.8839
BTCUSD|1775910432|30.7|42.5837|41.7987|0.9627|29.7196|0.8842
BTCUSD|1775910738|32.58|42.5837|41.9202|0.9641|29.7196|0.879
BTCUSD|1775911047|32.82|42.5837|41.9901|0.9585|29.7196|0.8753
BTCUSD|1775911353|30.91|42.5837|41.8574|0.956|29.7196|0.8859
BTCUSD|1775911662|32.14|42.5837|41.9419|0.955|29.7196|0.8854
BTCUSD|1775911968|32.13|42.5837|41.9454|0.9551|29.7196|0.8839
BTCUSD|1775912277|30.75|42.5837|41.9598|0.9423|29.7196|0.8838
BTCUSD|1775912583|33.23|42.5837|41.961|0.9648|29.7196|0.877
BTCUSD|1775912892|33.18|42.5837|41.9035|0.9704|29.7196|0.8805
BTCUSD|1775913198|39.34|42.5837|42.1843|0.9807|29.7196|0.8859
BTCUSD|1775913507|38.05|42.5837|42.2271|0.966|29.7196|0.8833
BTCUSD|1775913813|36.04|42.5837|42.0732|0.9717|29.7196|0.8791
BTCUSD|1775914122|35.0|42.5837|42.0459|0.967|29.7196|0.8791
BTCUSD|1775914428|44.2|42.5837|42.5884|0.9738|29.7196|0.8698
BTCUSD|1775914737|41.84|42.5837|42.3887|0.9743|29.7196|0.8854
BTCUSD|1775915043|38.91|42.5837|42.1952|0.9758|29.7196|0.886
BTCUSD|1775915352|39.09|42.5837|42.2003|0.9767|29.7196|0.8857
BTCUSD|1775915658|38.85|42.5837|42.2183|0.9724|29.7196|0.8859
BTCUSD|1775915967|38.36|42.5837|42.2173|0.9697|29.7196|0.8833
BTCUSD|1775916273|38.62|42.5837|42.2201|0.9702|29.7196|0.8861
BTCUSD|1775916582|36.42|42.5837|42.0727|0.972|29.7196|0.8858
BTCUSD|1775916888|36.15|42.5837|42.0811|0.9736|29.7196|0.8744
BTCUSD|1775917197|35.9|42.5837|42.0638|0.9702|29.7196|0.8829
BTCUSD|1775917503|36.62|42.5837|42.0518|0.9788|29.7196|0.8799
BTCUSD|1775917812|36.07|42.5837|42.0795|0.9732|29.7196|0.8743
BTCUSD|1775918118|37.14|42.5837|42.0932|0.9783|29.7196|0.8782
BTCUSD|1775918427|42.76|42.5837|42.4586|0.9776|29.7196|0.8734
BTCUSD|1775918733|40.48|42.5837|42.2494|0.9801|29.7196|0.8889
BTCUSD|1775919042|39.96|42.5837|42.2442|0.9766|29.7196|0.889
BTCUSD|1775919042|39.96|42.5837|42.2442|0.9766|29.7196|0.889
BTCUSD|1775919348|38.53|42.5837|42.191|0.9721|29.7196|0.8909
BTCUSD|1775919657|37.06|42.5837|42.0879|0.9747|29.7196|0.8888
BTCUSD|1775919963|37.44|42.5837|42.0887|0.9773|29.7196|0.8895
BTCUSD|1775920272|38.07|42.5837|42.1068|0.9807|29.7196|0.8879
BTCUSD|1775920578|37.3|42.5837|42.0997|0.9769|29.7196|0.8844
BTCUSD|1775920887|37.6|42.5837|42.1594|0.9754|29.7196|0.8753
BTCUSD|1775921193|37.52|42.5837|42.1888|0.9726|29.7196|0.8714
BTCUSD|1775921502|37.56|42.5837|42.1254|0.974|29.7196|0.8883
BTCUSD|1775921808|37.16|42.5837|42.1529|0.9709|29.7196|0.8796
BTCUSD|1775922117|38.26|42.5837|42.1709|0.9775|29.7196|0.8792
BTCUSD|1775922423|38.08|42.5837|42.1641|0.9749|29.7196|0.8841
BTCUSD|1775922732|36.08|42.5837|41.9959|0.9786|29.7196|0.8893
BTCUSD|1775923038|36.01|42.5837|41.9969|0.98|29.7196|0.8844
BTCUSD|1775923347|35.82|42.8343|42.114|0.9788|1.0661|0.8842
BTCUSD|1775923653|37.95|42.8343|42.2879|0.9733|1.0661|0.884
BTCUSD|1775923962|37.41|42.8343|42.2054|0.9779|1.0661|0.8882
BTCUSD|1775924268|37.81|42.8343|42.3002|0.9724|1.0661|0.8797
BTCUSD|1775924577|39.83|42.8343|42.4262|0.9754|1.0661|0.8718
BTCUSD|1775924883|39.99|42.8343|42.4118|0.9732|1.0661|0.8846
BTCUSD|1775925192|39.8|42.8343|42.3423|0.9785|1.0661|0.8898
BTCUSD|1775925498|38.89|42.8343|42.3293|0.9728|1.0661|0.8901
BTCUSD|1775925807|38.87|42.8343|42.377|0.9713|1.0661|0.8786
BTCUSD|1775926113|42.98|42.8343|42.4688|0.995|1.0661|0.8877
BTCUSD|1775926422|38.58|42.8343|42.352|0.9818|1.0661|0.8702
BTCUSD|1775926728|39.66|42.8343|42.3617|0.9864|1.0661|0.8772
BTCUSD|1775927037|40.72|42.8343|42.5141|0.9734|1.0661|0.8796
BTCUSD|1775927343|39.81|42.8343|42.3751|0.9872|1.0661|0.8742
BTCUSD|1775927652|40.6|42.8343|42.4157|0.9827|1.0661|0.8866
BTCUSD|1775927958|40.82|42.8343|42.4704|0.9826|1.0661|0.8742
BTCUSD|1775928267|43.1|42.8343|42.4972|0.9911|1.0661|0.89
BTCUSD|1775928573|41.42|42.8343|42.4431|0.9915|1.0661|0.874
BTCUSD|1775928882|42.16|42.8343|42.4081|1.0076|1.0661|0.8911
BTCUSD|1775929188|44.25|42.8343|42.5489|1.0141|1.0661|0.8871
BTCUSD|1775929497|41.22|42.8343|42.4065|1.0056|1.0661|0.8903
BTCUSD|1775929803|37.03|42.8343|42.355|0.9794|1.0661|0.8782
BTCUSD|1775930112|37.28|42.8343|42.3738|0.9827|1.0661|0.8706
BTCUSD|1775930418|37.27|42.8343|42.3735|0.9827|1.0661|0.8705
BTCUSD|1775930727|40.47|42.8343|42.4718|0.998|1.0661|0.8709
BTCUSD|1775931033|37.81|42.8343|42.3611|0.9808|1.0661|0.8884
BTCUSD|1775931342|43.66|42.8343|42.5022|1.0191|1.0661|0.8905
BTCUSD|1775931648|39.55|42.8343|42.2616|1.02|1.0661|0.8869
BTCUSD|1775931957|41.24|42.8343|42.3825|1.0209|1.0661|0.8815
BTCUSD|1775932263|40.5|42.8343|42.4458|1.0033|1.0661|0.8808
BTCUSD|1775932572|38.41|42.8343|42.3719|0.9965|1.0661|0.8769
BTCUSD|1775932878|41.2|42.8343|42.5029|1.0043|1.0661|0.8747
BTCUSD|1775933187|39.94|42.8343|42.445|1.0053|1.0661|0.8669
BTCUSD|1775933493|44.47|42.8343|42.6316|1.0201|1.0661|0.8673
BTCUSD|1775933802|42.52|42.8343|42.4986|1.0148|1.0661|0.8813
BTCUSD|1775934108|41.16|42.8343|42.4693|1.009|1.0661|0.8755
BTCUSD|1775934417|37.88|42.8343|42.1937|1.0217|1.0661|0.8763
BTCUSD|1775934723|40.32|42.8343|42.3487|1.022|1.0661|0.8746
BTCUSD|1775934724|40.32|42.8343|42.3487|1.022|1.0661|0.8746
BTCUSD|1775935032|38.1|42.8343|42.1658|1.0232|1.0661|0.8891
BTCUSD|1775935338|41.18|42.8343|42.437|1.0169|1.0661|0.8752
BTCUSD|1775935647|40.98|42.8343|42.3678|1.0197|1.0661|0.8876
BTCUSD|1775935953|39.63|42.8343|42.2831|1.0206|1.0661|0.8866
BTCUSD|1775936262|40.19|42.8343|42.3716|1.0206|1.0661|0.8698
BTCUSD|1775936569|40.76|42.8343|42.3379|1.0255|1.0661|0.8862
BTCUSD|1775936877|34.97|42.8343|42.0705|1.0132|1.0661|0.8814
BTCUSD|1775937183|34.29|42.8343|42.1769|0.9918|1.0661|0.8746
BTCUSD|1775937492|35.38|42.8343|42.216|0.9981|1.0661|0.8718
BTCUSD|1775937798|38.02|42.8343|42.3611|1.0005|1.0661|0.8726
BTCUSD|1775938107|38.16|42.8343|42.4232|0.9837|1.0661|0.8864
BTCUSD|1775938414|35.66|42.8343|42.3048|0.9897|1.0661|0.8649
BTCUSD|1775938722|37.39|42.8343|42.4069|0.9839|1.0661|0.8765
BTCUSD|1775939029|39.97|42.8343|42.6314|0.9751|1.0661|0.8721
BTCUSD|1775939337|39.86|42.8343|42.6289|0.9698|1.0661|0.8804
BTCUSD|1775939643|38.13|42.8343|42.421|0.9859|1.0661|0.8826
BTCUSD|1775939952|37.26|42.8343|42.4127|0.9873|1.0661|0.8662
BTCUSD|1775940258|40.83|42.8343|42.5016|0.9999|1.0661|0.8834
BTCUSD|1775940567|36.52|42.8343|42.3642|0.9789|1.0661|0.8824
BTCUSD|1775940873|37.23|42.8343|42.4223|0.9791|1.0661|0.8775
BTCUSD|1775941182|38.27|42.8343|42.4249|0.9882|1.0661|0.8799
BTCUSD|1775941488|41.55|42.8343|42.5249|1.0069|1.0661|0.8772
BTCUSD|1775941797|37.93|42.8343|42.4274|0.9801|1.0661|0.8874
BTCUSD|1775942103|40.37|42.8343|42.597|0.9797|1.0661|0.8818
BTCUSD|1775942412|38.49|42.8343|42.454|0.9881|1.0661|0.8753
BTCUSD|1775942718|42.43|42.8343|42.6274|0.9999|1.0661|0.8749
BTCUSD|1775943027|41.4|42.8343|42.5278|1.0057|1.0661|0.8757
BTCUSD|1775943333|39.33|42.8343|42.5345|0.9777|1.0661|0.8852
BTCUSD|1775943642|38.94|42.8343|42.5229|0.9762|1.0661|0.8841
BTCUSD|1775943948|38.99|42.8343|42.4992|0.9806|1.0661|0.8843
BTCUSD|1775944257|39.0|42.8343|42.4777|0.9887|1.0661|0.8764
BTCUSD|1775944563|40.16|42.8343|42.5857|0.9854|1.0661|0.871
BTCUSD|1775944872|41.23|42.8343|42.701|0.9771|1.0661|0.8708
BTCUSD|1775945178|39.43|42.8343|42.5628|0.9793|1.0661|0.8753
BTCUSD|1775945487|39.97|42.8343|42.5491|0.9876|1.0661|0.8748
BTCUSD|1775945793|40.31|42.8343|42.5656|0.9883|1.0661|0.8748
BTCUSD|1775946102|43.07|42.8343|42.7296|0.9912|1.0661|0.8713
BTCUSD|1775946408|41.75|42.8343|42.6959|0.9872|1.0661|0.8639
BTCUSD|1775946717|43.46|42.8343|42.6152|1.0152|1.0661|0.8705
BTCUSD|1775947023|44.84|42.8343|42.7379|1.007|1.0661|0.8735
BTCUSD|1775947332|49.58|42.8343|43.003|1.0081|1.0661|0.8794
BTCUSD|1775947638|49.73|42.8343|43.0136|1.0108|1.0661|0.8741
BTCUSD|1775947947|48.28|42.8343|42.9615|1.0068|1.0661|0.87
BTCUSD|1775948252|47.76|42.8343|42.9318|1.0064|1.0661|0.87
BTCUSD|1775948553|48.18|42.8343|42.9489|1.0065|1.0661|0.8725
BTCUSD|1775948862|45.01|42.8343|42.8519|0.9862|1.0661|0.8792
BTCUSD|1775949168|44.69|42.8343|42.791|0.9914|1.0661|0.8826
BTCUSD|1775949477|47.05|42.8343|42.9176|0.9949|1.0661|0.8818
BTCUSD|1775949783|50.28|42.8343|42.9739|1.0219|1.0661|0.8767
BTCUSD|1775950092|50.38|42.8343|42.9741|1.0359|1.0661|0.872
BTCUSD|1775950398|49.57|42.8343|43.0261|1.0118|1.0661|0.8816
BTCUSD|1775950707|50.82|42.8343|43.0369|1.0232|1.0661|0.8825
BTCUSD|1775951013|46.04|42.8343|42.9375|0.9983|1.0661|0.8651
BTCUSD|1775951322|46.18|42.8343|42.9208|0.9956|1.0661|0.8774
BTCUSD|1775951628|45.23|42.8343|42.8859|0.9979|1.0661|0.8663
BTCUSD|1775951937|46.75|42.8343|42.8755|1.0069|1.0661|0.8829
BTCUSD|1775952243|45.94|42.3997|42.8411|0.9938|22.0032|0.8695
BTCUSD|1775952552|50.39|42.3997|43.0281|1.0029|22.0032|0.8805
BTCUSD|1775952858|45.45|42.3997|42.8318|0.9932|22.0032|0.8641
BTCUSD|1775953167|47.69|42.3997|42.9164|1.0025|22.0032|0.8646
BTCUSD|1775953473|48.84|42.3997|42.9544|1.0018|22.0032|0.8757
BTCUSD|1775953782|50.88|42.3997|43.0922|1.0059|22.0032|0.8649
BTCUSD|1775954088|48.86|42.3997|42.9636|1.0064|22.0032|0.8655
BTCUSD|1775954397|48.33|42.3997|42.9601|1.0012|22.0032|0.8655
BTCUSD|1775954703|48.24|42.3997|42.9038|1.0016|22.0032|0.8804
BTCUSD|1775955012|47.93|42.3997|42.916|1.0033|22.0032|0.8679
BTCUSD|1775955318|46.71|42.3997|42.8838|0.9925|22.0032|0.873
BTCUSD|1775955627|49.84|42.3997|42.9621|1.0033|22.0032|0.8898
BTCUSD|1775955933|47.78|42.3997|42.9109|1.0014|22.0032|0.8698
BTCUSD|1775956242|49.2|42.3997|42.9569|1.0024|22.0032|0.8809
BTCUSD|1775956548|49.42|42.3997|43.0424|0.9968|22.0032|0.8682
BTCUSD|1775956857|50.61|42.3997|43.1217|0.9901|22.0032|0.8789
BTCUSD|1775957163|50.37|42.3997|43.1185|0.9895|22.0032|0.8764
BTCUSD|1775957472|49.9|42.3997|43.0575|0.9979|22.0032|0.872
BTCUSD|1775957778|52.91|42.3997|43.3611|1.0221|22.0032|0.868
BTCUSD|1775958087|51.53|42.3997|43.2644|1.0144|22.0032|0.8808
BTCUSD|1775958393|54.9|42.3997|43.3559|1.0315|22.0032|0.9104
BTCUSD|1775958702|54.99|42.3997|43.4995|1.0364|22.0032|0.9026
BTCUSD|1775959008|48.43|42.3997|42.9676|1.0503|22.0032|0.9214
BTCUSD|1775959317|53.9|42.3997|43.4215|1.0499|22.0032|0.9123
BTCUSD|1775959623|55.37|42.3997|43.9797|1.0548|22.0032|0.9256
BTCUSD|1775959932|53.58|42.3997|44.3023|1.0346|22.0032|0.922
BTCUSD|1775960238|52.69|42.3997|44.3564|1.0309|22.0032|0.9088
BTCUSD|1775960547|52.01|42.3997|44.1462|1.0422|22.0032|0.9155
BTCUSD|1775960853|54.13|42.3997|44.2883|1.0498|22.0032|0.9207
BTCUSD|1775961162|53.66|42.3997|44.2343|1.0487|22.0032|0.9231
BTCUSD|1775961468|53.17|42.3997|44.1605|1.0496|22.0032|0.9253
BTCUSD|1775961777|52.88|42.3997|44.1415|1.0498|22.0032|0.9223
BTCUSD|1775962083|52.38|42.3997|44.1164|1.051|22.0032|0.914
BTCUSD|1775962392|53.44|42.3997|44.1872|1.058|22.0032|0.9166
BTCUSD|1775962698|52.04|42.3997|44.0947|1.0507|22.0032|0.9169
BTCUSD|1775963007|52.18|42.3997|44.0498|1.0552|22.0032|0.9211
BTCUSD|1775963313|51.83|42.3997|44.0775|1.0555|22.0032|0.9072
BTCUSD|1775963622|52.64|42.3997|44.1309|1.0522|22.0032|0.9203
BTCUSD|1775963928|52.13|42.3997|44.1253|1.0483|22.0032|0.9169
BTCUSD|1775964237|52.06|42.3997|44.0458|1.0557|22.0032|0.9184
BTCUSD|1775964543|52.01|42.3997|44.1029|1.0491|22.0032|0.9173
BTCUSD|1775964852|52.82|42.3997|44.1285|1.0549|22.0032|0.9201
BTCUSD|1775965158|51.05|42.3997|44.0666|1.0418|22.0032|0.9162
BTCUSD|1775965467|50.75|42.3997|44.0398|1.0421|22.0032|0.9144
BTCUSD|1775965773|50.88|42.3997|44.0533|1.0427|22.0032|0.9135
BTCUSD|1775966082|51.3|42.3997|44.0711|1.0455|22.0032|0.9144
BTCUSD|1775966388|48.83|42.3997|43.9927|1.0259|22.0032|0.9097
BTCUSD|1775966697|48.91|42.3997|43.9738|1.0247|22.0032|0.9173
BTCUSD|1775967003|48.55|42.3997|43.9204|1.0286|22.0032|0.9132
BTCUSD|1775967312|49.02|42.3997|44.0318|1.0205|22.0032|0.9155
BTCUSD|1775967618|52.08|42.3997|44.1661|1.0409|22.0032|0.9208
BTCUSD|1775967927|51.21|42.3997|44.0839|1.0408|22.0032|0.918
BTCUSD|1775968233|51.86|42.3997|44.1589|1.0397|22.0032|0.9195
BTCUSD|1775968542|48.48|42.3997|43.8024|1.0358|22.0032|0.9226
BTCUSD|1775968848|49.1|42.3997|43.8707|1.0359|22.0032|0.9225
BTCUSD|1775969157|48.75|42.3997|43.8795|1.0372|22.0032|0.9107
BTCUSD|1775969463|49.96|42.3997|43.898|1.0441|22.0032|0.9217
BTCUSD|1775969772|53.53|42.3997|44.3184|1.0413|22.0032|0.9217
BTCUSD|1775970078|50.84|42.3997|44.1355|1.0297|22.0032|0.9191
BTCUSD|1775970387|52.17|42.3997|44.164|1.0431|22.0032|0.9193
BTCUSD|1775970693|49.31|42.3997|43.8795|1.0402|22.0032|0.9179
BTCUSD|1775971002|51.89|42.3997|44.1001|1.0465|22.0032|0.9198
BTCUSD|1775971308|48.97|42.3997|43.8623|1.0384|22.0032|0.9169
BTCUSD|1775971617|49.98|42.3997|43.9839|1.0355|22.0032|0.9201
BTCUSD|1775971923|49.45|42.3997|44.0078|1.0267|22.0032|0.919
BTCUSD|1775972232|48.45|42.3997|43.8844|1.0339|22.0032|0.9088
BTCUSD|1775972538|50.36|42.3997|43.9877|1.0415|22.0032|0.9172
BTCUSD|1775972847|49.05|42.3997|43.9085|1.0327|22.0032|0.9194
BTCUSD|1775973153|49.67|42.3997|43.9867|1.0312|22.0032|0.9203
BTCUSD|1775973462|49.18|42.3997|43.9814|1.0269|22.0032|0.9179
BTCUSD|1775973768|49.02|42.3997|43.9346|1.0315|22.0032|0.9156
BTCUSD|1775974077|48.31|42.3997|43.8705|1.0275|22.0032|0.9198
BTCUSD|1775974383|49.29|42.3997|43.9759|1.028|22.0032|0.9195
BTCUSD|1775974692|50.35|42.3997|44.0386|1.0354|22.0032|0.9175
BTCUSD|1775974998|48.72|42.3997|43.9255|1.0281|22.0032|0.9168
BTCUSD|1775975307|48.4|42.3997|43.9361|1.0219|22.0032|0.9185
BTCUSD|1775975613|49.17|42.3997|43.9333|1.0357|22.0032|0.9118
BTCUSD|1775975922|49.68|42.3997|43.986|1.036|22.0032|0.9122
BTCUSD|1775976228|48.67|42.3997|43.8703|1.0363|22.0032|0.9122
BTCUSD|1775976537|48.33|42.3997|43.886|1.0295|22.0032|0.9136
BTCUSD|1775976843|48.54|42.3997|43.8166|1.0376|22.0032|0.918
BTCUSD|1775977152|48.03|42.3997|43.8443|1.0301|22.0032|0.9142
BTCUSD|1775977458|47.88|42.3997|43.8067|1.0301|22.0032|0.9184
BTCUSD|1775977767|48.74|42.3997|43.8004|1.0432|22.0032|0.9157
BTCUSD|1775978073|47.53|42.3997|43.7711|1.027|22.0032|0.9234
BTCUSD|1775978382|47.47|42.3997|43.8097|1.0267|22.0032|0.9148
BTCUSD|1775978688|48.29|42.3997|43.876|1.0272|22.0032|0.9188
BTCUSD|1775978997|47.73|42.3997|43.8027|1.0275|22.0032|0.9206
BTCUSD|1775979303|47.09|42.3997|43.7352|1.0281|22.0032|0.9187
BTCUSD|1775979612|47.82|42.3997|43.7825|1.0298|22.0032|0.9225
BTCUSD|1775979918|48.1|42.3997|43.8249|1.0279|22.0032|0.9235
BTCUSD|1775980227|46.2|42.3997|43.695|1.0252|22.0032|0.912
BTCUSD|1775980533|45.06|42.3997|43.5917|1.0215|22.0032|0.9141
BTCUSD|1775980842|40.86|42.3997|43.6369|0.9912|14.0578|0.9102
BTCUSD|1775981148|41.25|42.3997|43.5862|0.9996|14.0578|0.9142
BTCUSD|1775981457|40.26|42.3997|43.5025|0.9971|14.0578|0.9135
BTCUSD|1775981763|41.25|42.3997|43.6115|0.9969|14.0578|0.9139
BTCUSD|1775982072|40.96|42.3997|43.5711|0.9976|14.0578|0.9144
BTCUSD|1775982378|42.07|42.3997|43.6403|1.0024|14.0578|0.9168
BTCUSD|1775982687|42.6|42.3997|43.7122|1.0023|14.0578|0.9144
BTCUSD|1775982993|42.81|42.3997|43.7162|1.0031|14.0578|0.9167
BTCUSD|1775983302|43.21|42.3997|43.7704|1.0028|14.0578|0.9152
BTCUSD|1775983608|42.11|42.3997|43.6692|1.0039|14.0578|0.9091
BTCUSD|1775983917|41.8|42.3997|43.6601|0.9977|14.0578|0.915
BTCUSD|1775984223|42.29|42.3997|43.6742|1.0031|14.0578|0.9136
BTCUSD|1775984532|43.02|42.3997|43.7327|1.0058|14.0578|0.9134
BTCUSD|1775984838|43.56|42.3997|43.7485|1.0082|14.0578|0.9179
BTCUSD|1775985147|40.67|42.3997|43.4253|1.009|14.0578|0.9172
BTCUSD|1775985453|40.04|42.3997|43.421|1.0011|14.0578|0.9178
BTCUSD|1775985762|40.74|42.3997|43.5093|0.999|14.0578|0.9194
BTCUSD|1775986068|41.98|42.3997|43.6805|0.9965|14.0578|0.9171
BTCUSD|1775986377|40.5|42.3997|43.5007|0.9988|14.0578|0.9161
BTCUSD|1775986683|40.54|42.3997|43.4921|0.9996|14.0578|0.9175
BTCUSD|1775986992|40.01|42.3997|43.4825|0.994|14.0578|0.9175
BTCUSD|1775987298|43.61|42.3997|43.7439|1.0118|14.0578|0.9137
BTCUSD|1775987607|43.82|42.3997|43.7559|1.0116|14.0578|0.9162
BTCUSD|1775987913|44.03|42.3997|43.752|1.0131|14.0578|0.919
BTCUSD|1775988222|44.68|42.3997|43.8371|1.0119|14.0578|0.9187
BTCUSD|1775988528|41.37|42.3997|43.6155|0.9945|14.0578|0.9201
BTCUSD|1775988837|41.75|42.3997|43.6365|0.9981|14.0578|0.9179
BTCUSD|1775989143|41.83|42.3997|43.6108|1.0005|14.0578|0.9207
BTCUSD|1775989452|41.71|42.3997|43.6068|1.0005|14.0578|0.9188
BTCUSD|1775989758|42.02|42.3997|43.6865|0.9952|14.0578|0.919
BTCUSD|1775990067|39.26|42.3997|43.4375|0.9928|14.0578|0.9119
BTCUSD|1775990373|42.73|42.3997|43.6867|1.0066|14.0578|0.9148
BTCUSD|1775990682|43.44|42.3997|43.7614|1.0051|14.0578|0.9181
BTCUSD|1775990988|42.55|42.3997|43.6628|1.0086|14.0578|0.912
BTCUSD|1775991297|41.11|42.3997|43.6066|0.9943|14.0578|0.9164
BTCUSD|1775991603|41.27|42.3997|43.6466|0.9898|14.0578|0.9199
BTCUSD|1775991912|40.34|42.3997|43.6423|0.9853|14.0578|0.908
BTCUSD|1775992218|40.88|42.3997|43.6424|0.9868|14.0578|0.9174
BTCUSD|1775992527|41.91|42.3997|43.597|1.0035|14.0578|0.9199
BTCUSD|1775992833|41.8|42.3997|43.6032|1.0025|14.0578|0.918
BTCUSD|1775993142|41.92|42.3997|43.5936|1.0055|14.0578|0.9173
BTCUSD|1775993448|41.99|42.3997|43.601|1.0041|14.0578|0.9199
BTCUSD|1775993757|39.95|42.3997|43.5552|0.9913|14.0578|0.9062
BTCUSD|1775994063|40.65|42.3997|43.5795|0.99|14.0578|0.9192
BTCUSD|1775994372|40.88|42.3997|43.6586|0.9859|14.0578|0.9157
BTCUSD|1775994678|40.19|42.3997|43.5764|0.9857|14.0578|0.9172
BTCUSD|1775994987|41.14|42.3997|43.5868|0.9954|14.0578|0.9192
BTCUSD|1775995293|41.62|42.3997|43.6489|0.9951|14.0578|0.9178
BTCUSD|1775995602|40.36|42.3997|43.6283|0.9855|14.0578|0.9108
BTCUSD|1775995909|40.91|42.3997|43.6454|0.9869|14.0578|0.9173
BTCUSD|1775996217|40.33|42.3997|43.5543|0.9901|14.0578|0.9171
BTCUSD|1775996523|40.55|42.3997|43.5704|0.9911|14.0578|0.917
BTCUSD|1775996832|40.7|42.3997|43.5721|0.9926|14.0578|0.9173
BTCUSD|1775997136|41.77|42.3997|43.6539|0.9964|14.0578|0.918
BTCUSD|1775997438|40.95|42.3997|43.575|0.9946|14.0578|0.9187
BTCUSD|1775997439|40.75|42.3997|43.575|0.9921|14.0578|0.9187
BTCUSD|1775997747|42.32|42.3997|43.611|1.0076|14.0578|0.9191
BTCUSD|1775998053|41.07|42.3997|43.6896|0.9839|14.0578|0.9172
BTCUSD|1775998054|41.07|42.3997|43.6896|0.9839|14.0578|0.9172
BTCUSD|1775998362|40.41|42.3997|43.6705|0.9815|14.0578|0.9105
BTCUSD|1775998668|42.62|42.3997|43.6572|1.0052|14.0578|0.9208
BTCUSD|1775998668|42.62|42.3997|43.6572|1.0052|14.0578|0.9208
BTCUSD|1775998977|41.73|42.3997|43.5681|1.0028|14.0578|0.9231
BTCUSD|1775999283|42.13|42.3997|43.5374|1.0099|14.0578|0.9284
BTCUSD|1775999283|42.13|42.3997|43.5374|1.0099|14.0578|0.9284
BTCUSD|1775999592|41.18|42.3997|43.4692|1.0056|14.0578|0.9313
BTCUSD|1775999898|42.54|42.3997|43.6254|1.0118|14.0578|0.9189
BTCUSD|1776000207|41.48|42.3997|43.5548|1.0063|14.0578|0.9194
BTCUSD|1776000513|42.8|42.3997|43.5665|1.0169|14.0578|0.9278
BTCUSD|1776000822|42.53|42.3997|43.5617|1.0144|14.0578|0.9273
BTCUSD|1776001128|41.08|42.3997|43.517|1.0068|14.0578|0.9171
BTCUSD|1776001437|41.58|42.3997|43.5203|1.0068|14.0578|0.9278
BTCUSD|1776001743|41.13|42.3997|43.5853|0.9975|14.0578|0.9209
BTCUSD|1776002052|41.71|42.3997|43.6551|0.9979|14.0578|0.9192
BTCUSD|1776002358|41.83|42.3997|43.6295|0.9978|14.0578|0.9274
BTCUSD|1776002667|42.41|42.3997|43.6672|1.001|14.0578|0.9271
BTCUSD|1776002973|41.26|42.3997|43.5295|1.0017|14.0578|0.9278
BTCUSD|1776003282|41.57|42.3997|43.5261|1.0079|14.0578|0.9243
BTCUSD|1776003588|43.24|42.3997|43.641|1.0159|14.0578|0.9243
BTCUSD|1776003897|42.61|42.3997|43.5879|1.0102|14.0578|0.9346
BTCUSD|1776004203|43.3|42.3997|43.6815|1.0082|14.0578|0.9349
BTCUSD|1776004512|42.35|42.3997|43.5721|1.0087|14.0578|0.9487
BTCUSD|1776004818|44.53|42.3997|43.766|1.0141|14.0578|0.9492
BTCUSD|1776005127|44.03|42.3997|43.7783|1.0065|14.0578|0.9503
BTCUSD|1776005433|43.61|42.3997|43.7319|1.0064|14.0578|0.9505
BTCUSD|1776005742|48.35|42.3997|44.2484|1.0074|14.0578|0.9518
BTCUSD|1776006048|46.78|42.3997|44.0816|1.0069|14.0578|0.9513
BTCUSD|1776006357|47.19|42.3997|44.1781|1.0023|14.0578|0.9489
BTCUSD|1776006663|45.76|42.3997|44.1026|0.9918|14.0578|0.9509
BTCUSD|1776006972|46.53|42.3997|44.1504|0.9957|14.0578|0.953
BTCUSD|1776007278|46.3|42.3997|44.1177|0.9965|14.0578|0.9528
BTCUSD|1776007587|47.7|42.3997|44.2582|1.0001|14.0578|0.949
BTCUSD|1776007893|47.32|42.3997|44.1849|1.0033|14.0578|0.9499
BTCUSD|1776008202|46.2|42.3997|44.1444|0.9922|14.0578|0.953
BTCUSD|1776008508|47.21|42.3997|44.2284|0.9955|14.0578|0.9528
BTCUSD|1776008817|46.19|42.3997|44.093|0.9999|14.0578|0.9491
BTCUSD|1776009123|45.11|42.3997|44.0192|0.9927|14.0578|0.9532
BTCUSD|1776009432|45.48|42.3997|44.0182|0.9994|14.0578|0.9494
BTCUSD|1776009738|51.1|43.0285|44.0214|0.9994|2.1124|0.9513
BTCUSD|1776010047|50.81|43.0285|44.0333|0.9944|2.1124|0.9513
BTCUSD|1776010353|52.76|43.0285|44.2236|0.9964|2.1124|0.9536
BTCUSD|1776010662|51.86|43.0285|44.1272|0.996|2.1124|0.9539
BTCUSD|1776010968|52.2|43.0285|44.102|1.0038|2.1124|0.9527
BTCUSD|1776011277|52.29|43.0285|44.1487|0.999|2.1124|0.9554
BTCUSD|1776011583|51.67|43.0285|44.0638|1.0009|2.1124|0.9555
BTCUSD|1776011892|51.18|43.0285|44.0332|1.0003|2.1124|0.9512
BTCUSD|1776012198|52.2|43.0285|44.1127|1.004|2.1124|0.9514
BTCUSD|1776012507|51.3|43.0285|44.0285|1.0012|2.1124|0.9536
BTCUSD|1776012813|51.31|43.0285|44.0291|1.0014|2.1124|0.9532
BTCUSD|1776013122|50.85|43.0285|44.0297|0.9966|2.1124|0.9511
BTCUSD|1776013428|50.85|43.0285|44.0186|0.9964|2.1124|0.9539
BTCUSD|1776013737|51.55|43.0285|44.1026|0.997|2.1124|0.9514
BTCUSD|1776014043|51.08|43.0285|44.0734|0.9943|2.1124|0.9514
BTCUSD|1776014352|50.04|43.0285|43.9921|0.994|2.1124|0.9443
BTCUSD|1776014658|51.65|43.0285|44.0953|1.0013|2.1124|0.9469
BTCUSD|1776014967|49.95|43.0285|43.9494|0.9962|2.1124|0.9474
BTCUSD|1776015274|52.1|43.0285|44.1363|1.0019|2.1124|0.9476
BTCUSD|1776015582|50.62|43.0285|44.0262|0.9977|2.1124|0.9438
BTCUSD|1776015888|50.74|43.0285|44.0419|0.9966|2.1124|0.9456
BTCUSD|1776016197|50.92|43.0285|44.0549|0.9962|2.1124|0.9479
BTCUSD|1776016503|51.03|43.0285|44.0382|1.0016|2.1124|0.9435
BTCUSD|1776016812|49.93|43.0285|43.9712|0.9948|2.1124|0.9447
BTCUSD|1776017118|50.19|43.0285|43.9722|0.9979|2.1124|0.9448
BTCUSD|1776017427|50.2|43.0285|43.967|0.9987|2.1124|0.9446
BTCUSD|1776017733|50.94|43.0285|44.081|0.9939|2.1124|0.9471
BTCUSD|1776018042|50.52|43.0285|44.1213|0.9902|2.1124|0.9347
BTCUSD|1776018348|51.27|43.0285|44.1188|0.9936|2.1124|0.9474
BTCUSD|1776018657|51.1|43.0285|44.0427|1.0001|2.1124|0.9473
BTCUSD|1776018963|50.42|43.0285|43.9799|0.9989|2.1124|0.947
BTCUSD|1776019272|49.81|43.0285|43.9926|0.9922|2.1124|0.9419
BTCUSD|1776019578|50.85|43.0285|44.0544|0.9981|2.1124|0.9425
BTCUSD|1776019887|50.65|43.0285|44.0759|0.9932|2.1124|0.9423
BTCUSD|1776020193|50.03|43.0285|43.991|0.9961|2.1124|0.9401
BTCUSD|1776020502|50.79|43.0285|44.0752|0.9954|2.1124|0.9415
BTCUSD|1776020808|49.03|43.0285|43.9151|0.9912|2.1124|0.9419
BTCUSD|1776021117|51.48|43.0285|44.1133|0.9985|2.1124|0.9441
BTCUSD|1776021423|50.93|43.0285|44.0727|0.998|2.1124|0.9404
BTCUSD|1776021732|49.05|43.0285|43.9154|0.9904|2.1124|0.9439
BTCUSD|1776022038|49.17|43.0285|43.9123|0.9928|2.1124|0.9429
BTCUSD|1776022347|49.16|43.0285|43.9143|0.9929|2.1124|0.9421
BTCUSD|1776022653|50.16|43.0285|43.9844|0.9993|2.1124|0.9384
BTCUSD|1776022962|50.2|43.0285|44.0717|0.9881|2.1124|0.942
BTCUSD|1776023268|49.48|43.0285|43.9781|0.9903|2.1124|0.9407
BTCUSD|1776023577|49.33|43.0285|43.9656|0.995|2.1124|0.9304
BTCUSD|1776023883|49.83|43.0285|43.9699|0.9949|2.1124|0.9423
BTCUSD|1776024192|49.11|43.0285|43.9711|0.9909|2.1124|0.9317
BTCUSD|1776024498|49.34|43.0285|44.0119|0.99|2.1124|0.9301
BTCUSD|1776024807|49.25|43.0285|43.9228|0.994|2.1124|0.9402
BTCUSD|1776025113|49.78|43.0285|44.0631|0.9901|2.1124|0.9293
BTCUSD|1776025422|48.58|43.0285|43.853|0.9925|2.1124|0.9422
BTCUSD|1776025728|50.37|43.0285|44.0524|0.9925|2.1124|0.9419
BTCUSD|1776026037|49.12|43.0285|43.8913|0.995|2.1124|0.9421
BTCUSD|1776026343|48.3|43.0285|43.8402|0.9916|2.1124|0.9399
BTCUSD|1776026652|47.75|43.0285|43.8985|0.979|2.1124|0.9379
BTCUSD|1776026958|49.75|43.0285|43.9811|0.9972|2.1124|0.9331
BTCUSD|1776027267|46.94|43.0285|43.8435|0.9738|2.1124|0.9403
BTCUSD|1776027573|46.76|43.0285|43.7826|0.9777|2.1124|0.9418
BTCUSD|1776027882|48.44|43.0285|43.9972|0.9763|2.1124|0.9381
BTCUSD|1776028188|48.06|43.0285|43.9457|0.982|2.1124|0.9289
BTCUSD|1776028497|48.66|43.0285|43.8916|0.9904|2.1124|0.9395
BTCUSD|1776028803|46.94|43.0285|43.8584|0.9725|2.1124|0.9395
BTCUSD|1776029112|46.94|43.0285|43.8582|0.9728|2.1124|0.9391
BTCUSD|1776029418|46.64|43.0285|43.8617|0.9685|2.1124|0.9393
BTCUSD|1776029727|48.33|43.0285|43.8253|0.9978|2.1124|0.9316
BTCUSD|1776030033|46.56|43.0285|43.8011|0.9782|2.1124|0.9316
BTCUSD|1776030342|46.92|43.0285|43.8641|0.976|2.1124|0.9307
BTCUSD|1776030648|48.07|43.0285|43.8178|0.9911|2.1124|0.9401
BTCUSD|1776030957|48.08|43.0285|43.8273|0.9903|2.1124|0.9398
BTCUSD|1776031263|47.95|43.0285|43.8797|0.9951|2.1124|0.9149
BTCUSD|1776031572|48.1|43.0285|43.7126|1.001|2.1124|0.945
BTCUSD|1776031878|47.52|43.0285|43.6605|1.0029|2.1124|0.9383
BTCUSD|1776032187|47.15|43.0285|43.7374|0.9924|2.1124|0.9326
BTCUSD|1776032493|46.51|43.0285|43.5831|0.9964|2.1124|0.9436
BTCUSD|1776032802|47.83|43.0285|43.6572|1.0007|2.1124|0.9514
BTCUSD|1776033108|51.33|43.0285|44.086|1.0008|2.1124|0.9419
BTCUSD|1776033417|45.95|43.0285|43.4933|1.0049|2.1124|0.9329
BTCUSD|1776033723|44.11|43.0285|43.4032|1.0011|2.1124|0.9145
BTCUSD|1776034032|46.17|43.0285|43.5079|1.0057|2.1124|0.9333
BTCUSD|1776034338|45.82|43.0285|43.5202|0.9987|2.1124|0.9357
BTCUSD|1776034647|46.54|43.0285|43.5914|1.0001|2.1124|0.935
BTCUSD|1776034953|45.4|43.0285|43.5126|0.9985|2.1124|0.9272
BTCUSD|1776035254|46.87|43.0285|43.5189|1.0029|2.1124|0.9544
BTCUSD|1776035562|45.64|43.0285|43.4871|1.0057|2.1124|0.9247
BTCUSD|1776035868|49.3|43.0285|43.7843|1.0045|2.1124|0.952
BTCUSD|1776035869|49.3|43.0285|43.7843|1.0045|2.1124|0.952
BTCUSD|1776036177|46.36|43.0285|43.4561|1.003|2.1124|0.9559
BTCUSD|1776036483|46.06|43.0285|43.4145|1.004|2.1124|0.9583
BTCUSD|1776036792|47.82|43.0285|43.6497|1.0007|2.1124|0.9556
BTCUSD|1776037098|50.28|43.0285|43.8778|1.0045|2.1124|0.9583
BTCUSD|1776037407|47.13|43.0285|43.6479|0.995|2.1124|0.9499
BTCUSD|1776037713|47.41|43.0285|43.6435|0.9949|2.1124|0.9584
BTCUSD|1776038022|47.24|43.0285|43.5241|1.0066|2.1124|0.9578
BTCUSD|1776038328|47.26|43.0285|43.5345|1.0061|2.1124|0.9571
BTCUSD|1776038637|40.21|42.1823|43.6514|1.0012|5.262|0.9582
BTCUSD|1776038943|39.56|42.1823|43.5921|1.0006|5.262|0.9566
BTCUSD|1776039252|39.31|42.1823|43.5594|1.0004|5.262|0.958
BTCUSD|1776039558|39.34|42.1823|43.5578|1.0008|5.262|0.9585
BTCUSD|1776039867|38.37|42.1823|43.4663|1.0014|5.262|0.9535
BTCUSD|1776040173|37.3|42.1823|43.477|0.992|5.262|0.9427
BTCUSD|1776040482|37.84|42.1823|43.4433|0.9983|5.262|0.9516
BTCUSD|1776040788|36.53|42.1823|43.295|0.9964|5.262|0.9562
BTCUSD|1776041097|37.97|42.1823|43.4469|0.9985|5.262|0.9536
BTCUSD|1776041403|38.3|42.1823|43.4919|0.9983|5.262|0.9521
BTCUSD|1776041712|37.89|42.1823|43.5381|0.9973|5.262|0.9329
BTCUSD|1776042018|37.38|42.1823|43.3473|1.0024|5.262|0.9536
BTCUSD|1776042327|36.49|42.1823|43.3415|0.9936|5.262|0.9502
BTCUSD|1776042633|37.95|42.1823|43.5009|0.9984|5.262|0.941
BTCUSD|1776042942|38.13|42.1823|43.4981|1.0011|5.262|0.9406
BTCUSD|1776043248|38.42|42.1823|43.5015|0.9991|5.262|0.9515
BTCUSD|1776043557|36.62|42.1823|43.3098|0.9991|5.262|0.9496
BTCUSD|1776043863|35.12|42.1823|43.2663|0.9945|5.262|0.9305
BTCUSD|1776044172|37.42|42.1823|43.3598|1.0032|5.262|0.9502
BTCUSD|1776044478|36.93|42.1823|43.4136|1.0|5.262|0.9318
BTCUSD|1776044787|36.55|42.1823|43.3539|0.9948|5.262|0.9463
BTCUSD|1776045093|36.56|42.1823|43.3594|0.9942|5.262|0.9465
BTCUSD|1776045402|36.54|42.1823|43.3573|0.995|5.262|0.945
BTCUSD|1776045708|36.55|42.1823|43.3866|1.0001|5.262|0.9279
BTCUSD|1776046017|36.09|42.1823|43.3485|0.9959|5.262|0.9336
BTCUSD|1776046323|35.67|42.1823|43.3186|0.999|5.262|0.9233
BTCUSD|1776046632|35.82|42.1823|43.2782|0.9962|5.262|0.9424
BTCUSD|1776046938|36.48|42.1823|43.323|0.9962|5.262|0.9489
BTCUSD|1776047247|35.58|42.1823|43.3737|0.9913|5.262|0.9239
BTCUSD|1776047553|35.93|42.1823|43.3156|0.997|5.262|0.9348
BTCUSD|1776047862|35.48|42.1823|43.3389|0.9934|5.262|0.9252
BTCUSD|1776048168|35.58|42.1823|43.2306|0.9965|5.262|0.9465
BTCUSD|1776048477|35.85|42.1823|43.2927|0.9929|5.262|0.9464
BTCUSD|1776048783|35.75|42.1823|43.3636|0.9939|5.262|0.9253
BTCUSD|1776049092|34.61|42.1823|43.2216|0.9891|5.262|0.9389
BTCUSD|1776049398|35.94|42.1823|43.294|0.9957|5.262|0.9426
BTCUSD|1776049707|34.45|42.1823|43.145|0.9944|5.262|0.9417
BTCUSD|1776050013|33.97|42.1823|43.1415|0.9878|5.262|0.9434
BTCUSD|1776050322|35.98|42.1823|43.2719|0.9944|5.262|0.9514
BTCUSD|1776050628|35.51|42.1823|43.2943|0.9946|5.262|0.9338
BTCUSD|1776050937|34.54|42.1823|43.1529|0.9915|5.262|0.948
BTCUSD|1776051243|34.96|42.1823|43.2089|0.9968|5.262|0.9351
BTCUSD|1776051552|35.1|42.1823|43.3185|0.9906|5.262|0.926
BTCUSD|1776051858|35.79|42.1823|43.267|0.9915|5.262|0.9536
BTCUSD|1776052167|34.93|42.1823|43.258|0.9882|5.262|0.9404
BTCUSD|1776052473|35.44|42.1823|43.2678|0.9898|5.262|0.948
BTCUSD|1776052782|35.65|42.1823|43.2785|0.9911|5.262|0.9481
BTCUSD|1776053088|34.5|42.1823|43.1913|0.989|5.262|0.9431
BTCUSD|1776053395|33.61|42.1823|43.1691|0.9853|5.262|0.9329
BTCUSD|1776053697|33.99|42.1823|43.1744|0.9831|5.262|0.9459
BTCUSD|1776054003|35.22|42.1823|43.2745|0.9919|5.262|0.9365
BTCUSD|1776054312|34.69|42.1823|43.1941|0.99|5.262|0.9453
BTCUSD|1776054618|34.13|42.1823|43.1479|0.9896|5.262|0.9424
BTCUSD|1776054927|33.11|42.1823|43.0984|0.9835|5.262|0.9403
BTCUSD|1776055233|33.34|42.1823|43.1976|0.9863|5.262|0.9174
ETHUSD|1775672498|42.51|60.6541|64.1571|0.9213|40.3648|0.6409
ETHUSD|1775708887|40.55|60.9993|64.0282|0.9113|30.1759|0.7064
ETHUSD|1775712187|40.55|60.9993|64.054|0.9051|30.1759|0.6625
ETHUSD|1775712502|40.56|60.9993|64.0896|0.9081|30.1759|0.6627
ETHUSD|1775712817|40.53|60.9993|63.9665|0.9062|30.1759|0.6665
ETHUSD|1775713132|40.5|60.9993|63.8386|0.9087|30.1759|0.6569
ETHUSD|1775713447|40.51|60.9993|63.8789|0.9145|30.1759|0.6568
ETHUSD|1775713762|40.52|60.9993|63.9348|0.9105|30.1759|0.6559
ETHUSD|1775714077|40.53|60.9993|63.985|0.9088|30.1759|0.6528
ETHUSD|1775714392|40.52|60.9993|63.9286|0.9051|30.1759|0.6659
ETHUSD|1775714707|40.5|60.9993|63.8716|0.9062|30.1759|0.653
ETHUSD|1775715022|40.52|60.9993|63.9225|0.9086|30.1759|0.6569
ETHUSD|1775715337|40.52|60.9993|63.9392|0.9063|30.1759|0.6528
ETHUSD|1775715652|40.51|60.9993|63.8789|0.9052|30.1759|0.647
ETHUSD|1775715967|40.52|60.9993|63.9499|0.9045|30.1759|0.6527
ETHUSD|1775716282|40.5|60.9993|63.8485|0.9103|30.1759|0.6538
ETHUSD|1775716597|40.51|60.9993|63.8739|0.9081|30.1759|0.6539
ETHUSD|1775716912|40.53|60.9993|63.959|0.9053|30.1759|0.6496
ETHUSD|1775717227|40.52|60.9993|63.9428|0.9057|30.1759|0.6568
ETHUSD|1775717542|40.51|60.9993|63.9087|0.9059|30.1759|0.6601
ETHUSD|1775717857|40.53|60.9993|63.9569|0.9059|30.1759|0.6619
ETHUSD|1775718172|40.49|60.9993|63.8233|0.9078|30.1759|0.6645
ETHUSD|1775718487|40.48|60.9993|63.7918|0.9066|30.1759|0.6527
ETHUSD|1775718802|40.49|60.9993|63.7942|0.91|30.1759|0.6924
ETHUSD|1775719117|40.5|60.9993|63.8553|0.904|30.1759|0.6626
ETHUSD|1775719432|40.5|60.9993|63.8611|0.9041|30.1759|0.6596
ETHUSD|1775719747|40.47|60.9993|63.7479|0.9038|30.1759|0.6558
ETHUSD|1775720062|40.49|60.9993|63.8016|0.9077|30.1759|0.6648
ETHUSD|1775720377|40.49|60.9993|63.8024|0.9044|30.1759|0.6979
ETHUSD|1775720692|38.12|60.9993|63.7153|0.9028|30.1759|0.6941
ETHUSD|1775721007|40.0|60.9993|63.7615|0.9026|30.1759|0.6893
ETHUSD|1775721322|35.39|60.9993|63.7429|0.903|30.1759|0.6639
ETHUSD|1775721637|35.92|60.9993|63.8029|0.9038|9.8065|0.6407
ETHUSD|1775721952|46.84|60.9993|63.8755|0.9056|9.8065|0.676
ETHUSD|1775722267|42.28|60.9993|63.835|0.9044|9.8065|0.6674
ETHUSD|1775722582|37.37|60.9993|63.8456|0.8999|9.8065|0.6405
ETHUSD|1775722897|41.11|60.9993|63.8017|0.8963|9.8065|0.6815
ETHUSD|1775723212|47.35|60.9993|63.9054|0.8968|9.8065|0.682
ETHUSD|1775723527|41.15|60.9993|63.7063|0.9017|9.8065|0.6926
ETHUSD|1775723842|42.62|60.9993|63.8198|0.8938|9.8065|0.6822
ETHUSD|1775724157|37.11|60.9993|63.7581|0.9001|9.8065|0.6458
ETHUSD|1775724472|34.03|60.9993|63.7326|0.8972|9.8065|0.6452
ETHUSD|1775724787|35.12|60.9993|63.7563|0.8947|9.8065|0.6527
ETHUSD|1775725102|40.97|60.9993|63.8409|0.8967|9.8065|0.6532
ETHUSD|1775725417|34.08|60.9993|63.7053|0.8982|9.8065|0.6516
ETHUSD|1775725732|41.77|60.9993|63.7251|0.9023|9.8065|0.6803
ETHUSD|1775726047|36.76|60.9993|63.658|0.9062|9.8065|0.6389
ETHUSD|1775726362|44.41|60.9993|63.8109|0.9042|9.8065|0.6462
ETHUSD|1775726677|48.39|60.9993|63.7884|0.9059|9.8065|0.6744
ETHUSD|1775726992|42.87|60.9993|63.7239|0.9016|9.8065|0.6748
ETHUSD|1775727307|36.62|60.9993|63.6883|0.9018|9.8065|0.6439
ETHUSD|1775727622|46.74|60.9993|63.7937|0.9023|9.8065|0.6747
ETHUSD|1775727937|42.91|60.9993|63.7464|0.8997|9.8065|0.6744
ETHUSD|1775728252|47.32|60.9993|63.7999|0.9003|9.8065|0.6839
ETHUSD|1775728567|42.06|60.9993|63.6572|0.9063|9.8065|0.6743
ETHUSD|1775728882|40.0|60.9993|63.7732|0.9015|9.8065|0.6374
ETHUSD|1775729197|36.2|60.9993|63.6936|0.9017|9.8065|0.6379
ETHUSD|1775729512|43.66|60.9993|63.8177|0.9023|9.8065|0.6443
ETHUSD|1775729827|45.87|60.9993|63.7929|0.9084|9.8065|0.6451
ETHUSD|1775730142|41.61|60.9993|63.7714|0.9023|9.8065|0.6461
ETHUSD|1775730457|47.25|60.9993|63.7377|0.9054|9.8065|0.685
ETHUSD|1775730772|40.88|60.9993|63.7514|0.8972|9.8065|0.6672
ETHUSD|1775731087|43.49|60.9993|63.718|0.903|9.8065|0.6749
ETHUSD|1775731402|43.39|60.9993|63.7138|0.9032|9.8065|0.6749
ETHUSD|1775731717|44.27|60.9993|63.8106|0.9054|9.8065|0.6393
ETHUSD|1775732032|39.33|60.9993|63.5729|0.901|9.8065|0.6747
ETHUSD|1775732347|47.07|60.9993|63.8239|0.905|9.8065|0.6389
ETHUSD|1775732662|44.25|60.9993|63.8403|0.8985|9.8065|0.6391
ETHUSD|1775732977|43.2|60.9993|63.7921|0.8987|9.8065|0.6453
ETHUSD|1775733292|46.2|60.9993|63.7495|0.902|9.8065|0.6662
ETHUSD|1775733607|52.95|60.9993|63.8069|0.9075|9.8065|0.6751
ETHUSD|1775733922|38.87|60.9993|63.6628|0.9023|9.8065|0.6401
ETHUSD|1775734237|50.94|60.9993|63.8698|0.8984|9.8065|0.6769
ETHUSD|1775734552|44.05|60.9993|63.7563|0.9044|9.8065|0.6403
ETHUSD|1775734867|40.01|60.9993|63.6773|0.9011|9.8065|0.6482
ETHUSD|1775735182|49.65|60.9993|63.8515|0.8995|9.8065|0.6693
ETHUSD|1775735497|45.87|60.9993|63.8322|0.9021|9.8065|0.6391
ETHUSD|1775735812|44.54|60.9993|63.7686|0.9051|9.8065|0.6359
ETHUSD|1775736127|50.68|60.9993|63.8228|0.902|9.8065|0.6748
ETHUSD|1775736442|52.29|60.9993|63.912|0.9053|9.8065|0.6465
ETHUSD|1775736757|41.98|60.9993|63.7348|0.9003|9.8065|0.6465
ETHUSD|1775737072|47.15|60.9993|63.8821|0.9002|9.8065|0.6389
ETHUSD|1775737387|57.58|60.9993|63.9381|0.9051|9.8065|0.6767
ETHUSD|1775737702|44.89|60.9993|63.6962|0.91|9.8065|0.6414
ETHUSD|1775738017|59.23|60.9993|64.0561|0.9081|9.8065|0.6412
ETHUSD|1775738332|50.96|60.9993|63.9078|0.9048|9.8065|0.6403
ETHUSD|1775738647|65.3|60.9993|64.0797|0.91|9.8065|0.6696
ETHUSD|1775738962|59.88|60.9993|64.0238|0.9099|9.8065|0.6486
ETHUSD|1775739277|59.74|60.9993|63.9664|0.9161|9.8065|0.6411
ETHUSD|1775739592|62.9|60.9993|64.0492|0.9135|9.8065|0.6484
ETHUSD|1775739907|60.69|60.9993|64.0054|0.9148|9.8065|0.641
ETHUSD|1775740222|59.25|60.9993|63.9778|0.9153|9.8065|0.6373
ETHUSD|1775740537|61.3|60.9993|64.0116|0.9164|9.8065|0.6373
ETHUSD|1775740852|59.5|60.9993|63.9753|0.9148|9.8065|0.6417
ETHUSD|1775741167|62.82|60.9993|63.9024|0.9173|9.8065|0.6775
ETHUSD|1775741482|61.6|60.9993|63.993|0.9154|9.8065|0.6489
ETHUSD|1775741797|63.99|60.9993|64.0696|0.9153|9.8065|0.643
ETHUSD|1775742112|56.27|60.9993|63.8148|0.9255|9.8065|0.6424
ETHUSD|1775742427|46.45|60.9993|63.4614|0.9277|9.8065|0.6461
ETHUSD|1775742742|46.28|60.9993|63.4007|0.9273|9.8065|0.6462
ETHUSD|1775743057|46.07|60.9993|63.3295|0.9263|9.8065|0.6478
ETHUSD|1775743372|49.03|60.9993|63.3306|0.9218|9.8065|0.6825
ETHUSD|1775743687|44.06|60.9993|63.2962|0.9223|9.8065|0.6461
ETHUSD|1775744002|48.99|60.9993|63.6234|0.9114|9.8065|0.6479
ETHUSD|1775744317|45.83|60.9993|63.2627|0.9197|9.8065|0.6667
ETHUSD|1775744632|43.66|60.9993|63.2533|0.9209|9.8065|0.6477
ETHUSD|1775744947|57.71|60.9993|63.717|0.9175|9.8065|0.6669
ETHUSD|1775745262|57.79|60.9993|63.6702|0.9135|9.8065|0.6891
ETHUSD|1775745577|55.03|60.9993|63.5278|0.9106|9.8065|0.7071
ETHUSD|1775745892|49.65|60.9993|63.5175|0.9024|9.8065|0.6967
ETHUSD|1775746207|53.15|60.9993|63.5811|0.906|9.8065|0.6977
ETHUSD|1775746522|45.22|60.9993|63.4839|0.9046|9.8065|0.6648
ETHUSD|1775746837|46.97|60.9993|63.4618|0.9|9.8065|0.6961
ETHUSD|1775747152|49.27|60.9993|63.5127|0.9057|9.8065|0.6845
ETHUSD|1775747467|46.17|60.9993|63.4399|0.903|9.8065|0.6853
ETHUSD|1775747782|44.31|60.9993|63.5321|0.9029|9.8065|0.6542
ETHUSD|1775748097|53.64|60.9993|63.6519|0.9053|9.8065|0.6895
ETHUSD|1775748412|49.07|60.9993|63.6785|0.9012|9.8065|0.6646
ETHUSD|1775748727|53.95|60.9993|63.6553|0.9002|9.8065|0.7139
ETHUSD|1775749032|54.08|60.9993|63.8012|0.9134|9.8065|0.6379
ETHUSD|1775749342|57.35|60.9993|63.739|0.9138|9.8065|0.6754
ETHUSD|1775749657|53.73|60.9993|63.6399|0.9141|9.8065|0.6675
ETHUSD|1775749972|52.64|60.9993|63.6527|0.9089|9.8065|0.6742
ETHUSD|1775750287|46.96|60.9993|63.7742|0.8994|9.8065|0.6365
ETHUSD|1775750602|29.76|59.3636|63.6783|0.9002|20.9537|0.6973
ETHUSD|1775750917|27.67|59.3636|63.7577|0.8998|20.9537|0.6653
ETHUSD|1775751232|24.59|59.3636|63.6959|0.9046|20.9537|0.638
ETHUSD|1775751547|26.26|59.3636|63.7129|0.9052|20.9537|0.6453
ETHUSD|1775751851|33.76|59.3636|63.9212|0.9093|20.9537|0.6447
ETHUSD|1775752162|32.68|59.3636|63.7599|0.9097|20.9537|0.6697
ETHUSD|1775752477|28.83|59.3636|63.7657|0.9102|20.9537|0.6367
ETHUSD|1775752792|33.23|59.3636|63.7302|0.908|20.9537|0.6863
ETHUSD|1775753107|37.29|59.3636|63.8838|0.9089|20.9537|0.6817
ETHUSD|1775753407|36.18|59.3636|63.8707|0.9058|20.9537|0.6866
ETHUSD|1775753722|32.73|59.3636|63.7773|0.9054|20.9537|0.6812
ETHUSD|1775754037|26.74|59.3636|63.6948|0.9052|20.9537|0.653
ETHUSD|1775754352|20.24|59.3636|63.5678|0.9034|20.9537|0.6244
ETHUSD|1775754667|19.23|59.3636|63.6319|0.8971|20.9537|0.617
ETHUSD|1775754982|16.66|59.3636|63.5197|0.8983|20.9537|0.6103
ETHUSD|1775755297|21.76|59.3636|63.597|0.905|20.9537|0.5749
ETHUSD|1775755612|19.07|59.3636|63.5239|0.9026|20.9537|0.5804
ETHUSD|1775755927|31.64|59.3636|63.8244|0.9035|20.9537|0.634
ETHUSD|1775756242|17.12|59.3636|63.4944|0.8979|20.9537|0.5936
ETHUSD|1775756557|17.07|59.3636|63.5269|0.8959|20.9537|0.5927
ETHUSD|1775756872|15.7|59.3636|63.4467|0.8976|20.9537|0.594
ETHUSD|1775757187|15.17|59.3636|63.3243|0.8982|20.9537|0.63
ETHUSD|1775757502|19.01|59.3636|63.3709|0.9042|20.9537|0.6286
ETHUSD|1775757817|21.65|59.3636|63.5102|0.9061|20.9537|0.6
ETHUSD|1775758119|19.88|59.3636|63.4635|0.9048|20.9537|0.6013
ETHUSD|1775758432|19.52|59.3636|63.3836|0.905|20.9537|0.6259
ETHUSD|1775758747|24.17|59.3636|63.5518|0.913|20.9537|0.5766
ETHUSD|1775759062|24.43|59.3636|63.5144|0.9091|20.9537|0.6186
ETHUSD|1775759377|21.28|59.3636|63.4395|0.9067|20.9537|0.6183
ETHUSD|1775759692|18.72|59.3636|63.3991|0.9051|20.9537|0.6081
ETHUSD|1775760007|17.39|59.3636|63.4996|0.9008|20.9537|0.5775
ETHUSD|1775760322|19.12|59.3636|63.4199|0.9027|20.9537|0.6204
ETHUSD|1775760637|17.7|59.3636|63.4654|0.8973|20.9537|0.6164
ETHUSD|1775760952|16.98|59.3636|63.4329|0.8975|20.9537|0.6177
ETHUSD|1775761267|18.0|59.3636|63.4134|0.9018|20.9537|0.6129
ETHUSD|1775761582|16.22|59.3636|63.3036|0.9039|20.9537|0.6175
ETHUSD|1775761897|11.56|59.3636|63.1452|0.897|20.9537|0.6145
ETHUSD|1775762212|16.59|59.3636|63.111|0.9084|20.9537|0.6143
ETHUSD|1775762527|19.29|59.3636|63.3507|0.906|20.9537|0.587
ETHUSD|1775762842|17.77|59.3636|63.3674|0.8997|20.9537|0.599
ETHUSD|1775763157|20.3|59.3636|63.3359|0.9046|20.9537|0.6145
ETHUSD|1775763472|22.3|59.3636|63.3397|0.9048|20.9537|0.6398
ETHUSD|1775763787|12.23|59.3636|62.7679|0.8903|20.9537|0.6435
ETHUSD|1775764102|22.42|59.3636|63.2322|0.8956|20.9537|0.6394
ETHUSD|1775764417|16.33|59.3636|63.1493|0.894|20.9537|0.5845
ETHUSD|1775764732|22.63|59.3636|63.0839|0.9066|20.9537|0.6182
ETHUSD|1775765033|15.94|59.3636|63.0033|0.8995|20.9537|0.5849
ETHUSD|1775765347|18.94|59.3636|63.0305|0.8976|20.9537|0.6304
ETHUSD|1775765662|20.05|59.3636|63.1326|0.8957|20.9537|0.6308
ETHUSD|1775765977|17.81|59.3636|63.0147|0.8988|20.9537|0.6119
ETHUSD|1775766292|20.27|59.3636|63.1123|0.8978|20.9537|0.6273
ETHUSD|1775766607|17.72|59.3636|63.1394|0.8901|20.9537|0.6268
ETHUSD|1775766922|17.93|59.3636|63.104|0.8888|20.9537|0.6386
ETHUSD|1775767237|17.82|59.3636|63.0871|0.8934|20.9537|0.6167
ETHUSD|1775767552|14.85|59.3636|63.1294|0.8907|20.9537|0.5793
ETHUSD|1775767867|22.15|59.3636|63.241|0.8989|20.9537|0.6089
ETHUSD|1775768182|19.47|59.3636|63.1295|0.8955|20.9537|0.6178
ETHUSD|1775768497|18.67|59.3636|63.3423|0.8915|20.9537|0.5747
ETHUSD|1775768812|10.99|59.3636|62.9207|0.8872|20.9537|0.5879
ETHUSD|1775769127|22.56|59.3636|63.1434|0.8975|20.9537|0.64
ETHUSD|1775769442|19.46|59.3636|63.2904|0.8927|20.9537|0.5848
ETHUSD|1775769757|20.03|59.3636|63.1218|0.894|20.9537|0.6283
ETHUSD|1775770072|15.34|59.3636|63.0977|0.8909|20.9537|0.585
ETHUSD|1775770388|19.73|59.3636|63.2009|0.895|20.9537|0.5991
ETHUSD|1775770702|19.41|59.3636|63.1507|0.8993|20.9537|0.585
ETHUSD|1775771003|17.03|59.3636|62.9655|0.8926|20.9537|0.6329
ETHUSD|1775771317|18.39|59.3636|63.1052|0.8903|20.9537|0.6286
ETHUSD|1775771632|20.9|59.3636|63.1901|0.8945|20.9537|0.6207
ETHUSD|1775771947|20.16|59.3636|63.2509|0.8916|20.9537|0.6101
ETHUSD|1775772262|21.15|59.3636|63.1138|0.8947|20.9537|0.6422
ETHUSD|1775772577|19.51|59.3636|63.0528|0.8936|20.9537|0.6403
ETHUSD|1775772892|17.32|59.3636|63.1099|0.8881|20.9537|0.6239
ETHUSD|1775773207|18.63|59.3636|63.0688|0.9|20.9537|0.5911
ETHUSD|1775773522|15.9|59.3636|62.7695|0.9013|20.9537|0.6214
ETHUSD|1775773837|17.17|59.3636|63.0655|0.894|20.9537|0.6026
ETHUSD|1775774152|15.79|59.3636|62.8612|0.899|20.9537|0.6087
ETHUSD|1775774467|14.13|59.3636|62.843|0.8954|20.9537|0.6087
ETHUSD|1775774782|18.19|59.3636|63.1447|0.8983|20.9537|0.5669
ETHUSD|1775775097|18.36|59.3636|63.1481|0.8973|20.9537|0.574
ETHUSD|1775775412|22.5|59.3636|63.1242|0.8991|20.9537|0.6313
ETHUSD|1775775727|20.26|59.3636|63.0353|0.9002|20.9537|0.6159
ETHUSD|1775776042|22.45|59.3636|63.2478|0.8999|20.9537|0.5936
ETHUSD|1775776357|19.66|59.3636|63.0726|0.8998|20.9537|0.5995
ETHUSD|1775776672|19.35|59.3636|62.8313|0.9022|20.9537|0.6456
ETHUSD|1775776987|20.7|59.3636|62.9834|0.9063|20.9537|0.6029
ETHUSD|1775777302|17.95|59.3636|62.854|0.9005|20.9537|0.6284
ETHUSD|1775777617|18.97|59.3636|62.8579|0.907|20.9537|0.6069
ETHUSD|1775777932|22.2|59.3636|62.9197|0.9051|20.9537|0.6484
ETHUSD|1775778247|23.57|59.3636|63.0961|0.9001|20.9537|0.6491
ETHUSD|1775778562|22.33|59.3636|63.0889|0.8988|20.9537|0.6399
ETHUSD|1775778877|21.95|59.3636|63.0575|0.899|20.9537|0.6415
ETHUSD|1775779192|21.31|59.3636|62.9857|0.8993|20.9537|0.6494
ETHUSD|1775779507|34.65|59.44|63.0395|0.8961|62.4789|0.6413
ETHUSD|1775779822|37.69|59.44|63.2129|0.8962|62.4789|0.6396
ETHUSD|1775780137|38.02|59.44|63.2597|0.8994|62.4789|0.6147
ETHUSD|1775780452|39.31|59.44|63.2732|0.8959|62.4789|0.6491
ETHUSD|1775780767|36.77|59.44|63.0658|0.901|62.4789|0.6389
ETHUSD|1775781082|31.72|59.44|63.0437|0.8952|62.4789|0.602
ETHUSD|1775781398|30.79|59.44|62.923|0.8901|62.4789|0.6481
ETHUSD|1775781712|37.36|59.44|63.0652|0.8988|62.4789|0.6597
ETHUSD|1775782028|32.35|59.44|62.9211|0.8944|62.4789|0.6481
ETHUSD|1775782342|31.3|59.44|62.9822|0.8967|62.4789|0.604
ETHUSD|1775782657|32.51|59.44|62.9208|0.8951|62.4789|0.6467
ETHUSD|1775782972|35.14|59.44|63.0413|0.8978|62.4789|0.6388
ETHUSD|1775783287|35.82|59.44|63.0199|0.8978|62.4789|0.6545
ETHUSD|1775783602|32.02|59.44|62.9638|0.9007|62.4789|0.5977
ETHUSD|1775783917|35.46|59.44|62.9217|0.9043|62.4789|0.6398
ETHUSD|1775784232|38.94|59.44|63.1164|0.9007|62.4789|0.659
ETHUSD|1775784547|31.92|59.44|62.9288|0.8999|62.4789|0.6098
ETHUSD|1775784862|34.39|59.44|62.8648|0.9017|62.4789|0.6532
ETHUSD|1775785177|37.95|59.44|63.0486|0.9024|62.4789|0.6531
ETHUSD|1775785492|35.84|59.44|63.052|0.8986|62.4789|0.642
ETHUSD|1775785807|30.33|59.44|62.8698|0.8991|62.4789|0.6064
ETHUSD|1775786122|35.35|59.44|63.0262|0.8995|62.4789|0.6367
ETHUSD|1775786423|37.33|59.44|63.1875|0.8979|62.4789|0.6318
ETHUSD|1775786737|36.41|59.44|63.1155|0.8987|62.4789|0.6329
ETHUSD|1775787052|36.39|59.44|63.185|0.8955|62.4789|0.6317
ETHUSD|1775787367|37.93|59.44|63.1488|0.9015|62.4789|0.6313
ETHUSD|1775787682|33.18|59.44|63.0858|0.8987|62.4789|0.5933
ETHUSD|1775787997|37.96|59.44|63.1283|0.8989|62.4789|0.6512
ETHUSD|1775788312|37.65|59.44|63.2214|0.8992|62.4789|0.6205
ETHUSD|1775788627|35.73|59.44|63.1009|0.8959|62.4789|0.6421
ETHUSD|1775788942|35.74|59.44|63.101|0.8962|62.4789|0.6406
ETHUSD|1775789257|35.57|59.44|63.0725|0.8959|62.4789|0.6473
ETHUSD|1775789557|38.22|59.44|63.169|0.8952|62.4789|0.6644
ETHUSD|1775789872|34.24|59.44|63.0654|0.8962|62.4789|0.6279
ETHUSD|1775790187|40.95|59.44|63.1104|0.8988|62.4789|0.7005
ETHUSD|1775790502|41.28|59.44|63.1543|0.8999|62.4789|0.6878
ETHUSD|1775790817|40.22|59.44|63.03|0.9031|62.4789|0.6877
ETHUSD|1775791132|39.26|59.44|63.0264|0.9014|62.4789|0.6838
ETHUSD|1775791447|41.5|59.44|63.1745|0.897|62.4789|0.7015
ETHUSD|1775791762|39.98|59.44|63.1229|0.8961|62.4789|0.6976
ETHUSD|1775792077|41.86|59.44|63.1353|0.8976|62.4789|0.7243
ETHUSD|1775792392|40.01|59.44|63.281|0.8946|62.4789|0.6713
ETHUSD|1775792707|43.45|59.44|63.1976|0.8992|62.4789|0.7223
ETHUSD|1775793022|36.54|59.44|63.0465|0.8977|62.4789|0.6651
ETHUSD|1775793337|40.56|59.44|63.2103|0.8928|62.4789|0.7105
ETHUSD|1775793652|41.84|59.44|63.1931|0.8971|62.4789|0.7105
ETHUSD|1775793967|40.87|59.44|63.0748|0.8979|62.4789|0.7241
ETHUSD|1775794282|39.2|59.44|63.0325|0.8954|62.4789|0.7243
ETHUSD|1775794597|38.48|59.44|63.0667|0.8918|62.4789|0.7249
ETHUSD|1775794912|42.71|59.44|63.1885|0.8973|62.4789|0.7253
ETHUSD|1775795227|41.2|59.44|63.169|0.8952|62.4789|0.7193
ETHUSD|1775795542|38.65|59.44|63.0941|0.8951|62.4789|0.7008
ETHUSD|1775795857|38.9|59.44|63.0623|0.8942|62.4789|0.7191
ETHUSD|1775796172|38.35|59.44|63.1797|0.8916|62.4789|0.6921
ETHUSD|1775796487|37.75|59.44|63.146|0.8929|62.4789|0.6846
ETHUSD|1775796802|37.96|59.44|62.9868|0.8952|62.4789|0.7199
ETHUSD|1775797117|37.06|59.44|63.0721|0.8913|62.4789|0.7042
ETHUSD|1775797432|37.38|59.44|63.1348|0.8913|62.4789|0.6914
ETHUSD|1775797747|36.76|59.44|63.0797|0.8904|62.4789|0.7025
ETHUSD|1775798062|40.04|59.44|63.1725|0.8946|62.4789|0.7034
ETHUSD|1775798377|39.48|59.44|63.1837|0.8916|62.4789|0.7089
ETHUSD|1775798692|38.95|59.44|63.1583|0.8935|62.4789|0.6967
ETHUSD|1775799007|39.8|59.44|63.0044|0.9021|62.4789|0.7035
ETHUSD|1775799322|36.01|59.44|63.2065|0.8929|62.4789|0.6399
ETHUSD|1775799637|31.54|59.44|63.0667|0.8868|62.4789|0.6423
ETHUSD|1775799952|37.14|59.44|63.0713|0.8949|62.4789|0.6827
ETHUSD|1775800253|37.61|59.44|63.071|0.8917|62.4789|0.7088
ETHUSD|1775800567|34.79|59.44|62.9553|0.8945|62.4789|0.6809
ETHUSD|1775800882|36.92|59.44|63.0858|0.8951|62.4789|0.6739
ETHUSD|1775801197|36.46|59.44|63.0031|0.8928|62.4789|0.7036
ETHUSD|1775801509|31.49|59.44|62.8474|0.8888|62.4789|0.6925
ETHUSD|1775801812|33.98|59.44|62.9397|0.8897|62.4789|0.7004
ETHUSD|1775802127|33.11|59.44|62.8933|0.8893|62.4789|0.7021
ETHUSD|1775802442|30.78|59.44|62.9734|0.8886|62.4789|0.6465
ETHUSD|1775802757|30.67|59.44|62.9023|0.8914|62.4789|0.6487
ETHUSD|1775803072|32.19|59.44|62.9011|0.8886|62.4789|0.6893
ETHUSD|1775803387|32.16|59.44|62.8444|0.8916|62.4789|0.6876
ETHUSD|1775803693|32.67|59.44|62.8824|0.888|62.4789|0.7058
ETHUSD|1775804002|32.1|59.44|62.9243|0.8839|62.4789|0.6918
ETHUSD|1775804317|35.26|59.44|62.9726|0.8906|62.4789|0.6918
ETHUSD|1775804317|35.26|59.44|62.9726|0.8906|62.4789|0.6918
ETHUSD|1775804632|37.0|59.44|62.9851|0.8893|62.4789|0.7227
ETHUSD|1775804947|32.97|59.44|62.9228|0.887|62.4789|0.6892
ETHUSD|1775805262|31.54|59.44|62.8771|0.8866|62.4789|0.6818
ETHUSD|1775805577|35.43|59.44|62.9323|0.8879|62.4789|0.7205
ETHUSD|1775805892|37.52|59.44|62.9821|0.8905|62.4789|0.7311
ETHUSD|1775806207|33.81|59.44|62.9354|0.8846|62.4789|0.7172
ETHUSD|1775806522|32.01|59.44|62.9711|0.8845|62.4789|0.6777
ETHUSD|1775806837|35.96|59.44|62.9075|0.8957|62.4789|0.6984
ETHUSD|1775807152|35.68|59.44|62.8791|0.8944|62.4789|0.7094
ETHUSD|1775807467|33.86|59.44|62.9157|0.887|62.4789|0.7103
ETHUSD|1775807772|37.59|59.44|62.9392|0.8947|62.4789|0.7213
ETHUSD|1775808082|34.36|59.44|62.9045|1.0388|26.1205|0.7197
ETHUSD|1775808397|18.4|59.44|62.8124|0.8774|26.1205|0.7378
ETHUSD|1775808712|18.32|59.44|62.8022|0.8786|26.1205|0.7394
ETHUSD|1775809027|17.99|59.44|62.634|0.8816|26.1205|0.7453
ETHUSD|1775809342|19.22|59.44|62.7213|0.8804|26.1205|0.7438
ETHUSD|1775809657|16.81|59.44|62.6576|0.8741|26.1205|0.7243
ETHUSD|1775809972|17.4|59.44|62.6978|0.8701|26.1205|0.7232
ETHUSD|1775810287|16.7|59.44|62.584|0.8655|26.1205|0.7293
ETHUSD|1775810602|19.32|59.44|62.6902|0.8674|26.1205|0.7431
ETHUSD|1775810917|18.75|59.44|62.6662|0.8645|26.1205|0.7426
ETHUSD|1775811232|18.09|59.44|62.4793|0.8702|26.1205|0.7474
ETHUSD|1775811547|17.81|59.44|62.4928|0.8676|26.1205|0.7429
ETHUSD|1775811862|17.46|59.44|62.4238|0.8643|26.1205|0.745
ETHUSD|1775812177|17.32|59.44|62.4298|0.8633|26.1205|0.7409
ETHUSD|1775812492|17.32|59.44|62.3336|0.8565|26.1205|0.7424
ETHUSD|1775812807|19.26|59.44|62.4435|0.8591|26.1205|0.7464
ETHUSD|1775813122|21.57|59.44|62.5867|0.8649|26.1205|0.744
ETHUSD|1775813437|20.04|59.44|62.4938|0.8624|26.1205|0.7432
ETHUSD|1775813752|20.06|59.44|62.471|0.8669|26.1205|0.7424
ETHUSD|1775814067|20.16|59.44|62.4682|0.8671|26.1205|0.7447
ETHUSD|1775814382|18.67|59.44|62.3553|0.8673|26.1205|0.7453
ETHUSD|1775814697|18.24|59.44|62.3517|0.8632|26.1205|0.7446
ETHUSD|1775815012|18.87|59.44|62.3836|0.8653|26.1205|0.745
ETHUSD|1775815327|18.52|59.44|62.3704|0.8636|26.1205|0.7445
ETHUSD|1775815642|17.9|59.44|62.2826|0.8622|26.1205|0.7444
ETHUSD|1775815957|18.94|59.44|62.3757|0.8598|26.1205|0.7443
ETHUSD|1775816272|19.2|59.44|62.3921|0.86|26.1205|0.7448
ETHUSD|1775816587|19.43|59.44|62.3974|0.8602|26.1205|0.7557
ETHUSD|1775816902|17.69|59.44|62.2853|0.8587|26.1205|0.7533
ETHUSD|1775817214|18.12|59.44|62.3257|0.8558|26.1205|0.7548
ETHUSD|1775817517|18.51|59.44|62.3486|0.8576|26.1205|0.7535
ETHUSD|1775817832|17.89|59.44|62.2907|0.8595|26.1205|0.7535
ETHUSD|1775818147|17.44|59.44|62.2237|0.8543|26.1205|0.7528
ETHUSD|1775818462|18.52|59.44|62.2439|0.8646|26.1205|0.7525
ETHUSD|1775818777|18.42|59.44|62.1896|0.8666|26.1205|0.7523
ETHUSD|1775819092|20.54|59.44|62.3556|0.8665|26.1205|0.7527
ETHUSD|1775819407|21.12|59.44|62.4689|0.8681|26.1205|0.7341
ETHUSD|1775819713|19.68|59.44|62.3878|0.8636|26.1205|0.7332
ETHUSD|1775820022|21.91|59.44|62.5615|0.8643|26.1205|0.7326
ETHUSD|1775820337|22.02|59.44|62.5676|0.8645|26.1205|0.7328
ETHUSD|1775820652|21.72|59.44|62.5843|0.8697|26.1205|0.7153
ETHUSD|1775820967|20.6|59.44|62.5166|0.8663|26.1205|0.7156
ETHUSD|1775821282|19.96|59.44|62.4831|0.8639|26.1205|0.7151
ETHUSD|1775821597|19.56|59.44|62.4227|0.8698|26.1205|0.713
ETHUSD|1775821912|20.82|59.44|62.5472|0.8657|26.1205|0.7132
ETHUSD|1775822227|22.67|59.44|62.7013|0.8714|26.1205|0.7025
ETHUSD|1775822542|19.9|59.44|62.4531|0.869|26.1205|0.7134
ETHUSD|1775822857|20.3|59.44|62.4722|0.8704|26.1205|0.7142
ETHUSD|1775823172|20.43|59.44|62.4662|0.873|26.1205|0.7142
ETHUSD|1775823487|20.4|59.44|62.4617|0.8732|26.1205|0.7143
ETHUSD|1775823802|21.23|59.44|62.5713|0.8659|26.1205|0.715
ETHUSD|1775824117|25.44|59.44|62.7835|0.8819|26.1205|0.719
ETHUSD|1775824432|25.14|59.44|62.7017|0.8928|26.1205|0.7161
ETHUSD|1775824747|22.85|59.44|62.5711|0.8852|26.1205|0.716
ETHUSD|1775825062|23.07|59.44|62.6412|0.8765|26.1205|0.7167
ETHUSD|1775825377|23.93|59.44|62.7302|0.8733|26.1205|0.7165
ETHUSD|1775825692|22.41|59.44|62.6451|0.8673|26.1205|0.7173
ETHUSD|1775826007|24.57|59.44|62.8098|0.8688|26.1205|0.7163
ETHUSD|1775826322|25.92|59.44|62.8275|0.8825|26.1205|0.7166
ETHUSD|1775826637|23.16|59.44|62.7359|0.8686|26.1205|0.7078
ETHUSD|1775826952|24.08|59.44|62.7107|0.88|26.1205|0.7137
ETHUSD|1775827267|24.39|59.44|62.7533|0.8763|26.1205|0.715
ETHUSD|1775827582|23.87|59.44|62.7481|0.8727|26.1205|0.7119
ETHUSD|1775827897|22.9|59.44|62.6535|0.8741|26.1205|0.7141
ETHUSD|1775828212|26.56|59.44|62.9491|0.8738|26.1205|0.7128
ETHUSD|1775828527|24.36|59.44|62.8055|0.8666|26.1205|0.7168
ETHUSD|1775828842|23.22|59.44|62.7056|0.8701|26.1205|0.7139
ETHUSD|1775829144|23.99|59.44|62.7845|0.8677|26.1205|0.7132
ETHUSD|1775829457|22.6|59.44|62.7321|0.8595|26.1205|0.7121
ETHUSD|1775829772|22.9|59.44|62.7116|0.8646|26.1205|0.7149
ETHUSD|1775830087|23.74|59.44|62.7749|0.8663|26.1205|0.7129
ETHUSD|1775830402|24.27|59.44|62.8403|0.8612|26.1205|0.715
ETHUSD|1775830709|24.51|59.44|62.8851|0.8615|26.1205|0.7084
ETHUSD|1775831017|30.88|59.44|63.306|0.8786|26.1205|0.7013
ETHUSD|1775831332|30.6|59.44|63.4865|0.8675|26.1205|0.6698
ETHUSD|1775831647|32.68|59.44|63.5756|0.877|26.1205|0.6732
ETHUSD|1775831962|30.94|59.44|63.381|0.8769|26.1205|0.6872
ETHUSD|1775832277|32.75|59.44|63.5246|0.8796|26.1205|0.6828
ETHUSD|1775832592|30.4|59.44|63.4028|0.8686|26.1205|0.6844
ETHUSD|1775832907|31.06|59.44|63.4093|0.8752|26.1205|0.6853
ETHUSD|1775833222|31.93|59.44|63.4491|0.8738|26.1205|0.6942
ETHUSD|1775833537|30.49|59.44|63.3814|0.8733|26.1205|0.684
ETHUSD|1775833852|31.88|59.44|63.4897|0.873|26.1205|0.6847
ETHUSD|1775834167|30.9|59.44|63.4185|0.8731|26.1205|0.6832
ETHUSD|1775834482|32.18|59.44|63.4981|0.8742|26.1205|0.6866
ETHUSD|1775834797|30.43|59.44|63.4384|0.8692|26.1205|0.6756
ETHUSD|1775835112|30.39|59.44|63.4114|0.8705|26.1205|0.6793
ETHUSD|1775835427|31.23|59.44|63.4731|0.8673|26.1205|0.6852
ETHUSD|1775835742|32.98|59.44|63.5772|0.8717|26.1205|0.6866
ETHUSD|1775836057|32.81|59.44|63.6273|0.8666|26.1205|0.6792
ETHUSD|1775836372|32.11|59.44|63.5292|0.8695|26.1205|0.6851
ETHUSD|1775836687|33.01|59.44|63.563|0.8748|26.1205|0.6857
ETHUSD|1775837002|32.05|59.549|63.5407|0.8707|20.0098|0.6853
ETHUSD|1775837317|31.58|59.549|63.5373|0.8638|20.0098|0.6878
ETHUSD|1775837632|30.32|59.549|63.4515|0.866|20.0098|0.6813
ETHUSD|1775837947|31.18|59.549|63.5519|0.8658|20.0098|0.6737
ETHUSD|1775838262|32.79|59.549|63.5421|0.8955|20.0098|0.6609
ETHUSD|1775838577|35.79|59.549|63.7199|0.9004|20.0098|0.6674
ETHUSD|1775838892|35.47|59.549|63.6921|0.9062|20.0098|0.6591
ETHUSD|1775839207|33.84|59.549|63.6112|0.8985|20.0098|0.6595
ETHUSD|1775839522|34.32|59.549|63.6162|0.904|20.0098|0.659
ETHUSD|1775839837|34.81|59.549|63.679|0.9003|20.0098|0.6589
ETHUSD|1775840152|35.41|59.549|63.7634|0.8954|20.0098|0.6574
ETHUSD|1775840467|32.94|59.549|63.5862|0.8933|20.0098|0.6566
ETHUSD|1775840782|33.62|59.549|63.5864|0.9012|20.0098|0.6572
ETHUSD|1775841097|34.37|59.549|63.6961|0.8937|20.0098|0.6565
ETHUSD|1775841412|34.69|59.549|63.6758|0.9009|20.0098|0.6565
ETHUSD|1775841727|33.6|59.549|63.6442|0.891|20.0098|0.6586
ETHUSD|1775842042|33.63|59.549|63.6322|0.8941|20.0098|0.6573
ETHUSD|1775842357|33.7|59.549|63.6288|0.8961|20.0098|0.6563
ETHUSD|1775842672|34.12|59.549|63.6975|0.8889|20.0098|0.6588
ETHUSD|1775842973|31.94|59.549|63.5036|0.8938|20.0098|0.6568
ETHUSD|1775843287|32.8|59.549|63.5687|0.8942|20.0098|0.6568
ETHUSD|1775843602|32.64|59.549|63.5461|0.8948|20.0098|0.6582
ETHUSD|1775843917|34.11|59.549|63.6132|0.9012|20.0098|0.66
ETHUSD|1775844232|33.14|59.549|63.575|0.8958|20.0098|0.6592
ETHUSD|1775844547|33.03|59.549|63.6332|0.8833|20.0098|0.6623
ETHUSD|1775844862|33.1|59.549|63.5801|0.8928|20.0098|0.6618
ETHUSD|1775845177|33.33|59.549|63.6487|0.8845|20.0098|0.6624
ETHUSD|1775845492|32.12|59.549|63.5517|0.8858|20.0098|0.6609
ETHUSD|1775845807|33.25|59.549|63.6223|0.8893|20.0098|0.6598
ETHUSD|1775846122|34.61|59.549|63.7446|0.8868|20.0098|0.6601
ETHUSD|1775846437|32.92|59.549|63.5965|0.8877|20.0098|0.6623
ETHUSD|1775846752|31.64|59.549|63.5103|0.8858|20.0098|0.6617
ETHUSD|1775847067|33.19|59.549|63.6003|0.8897|20.0098|0.6635
ETHUSD|1775847382|32.34|59.549|63.5033|0.8939|20.0098|0.6642
ETHUSD|1775847697|33.13|59.549|63.6267|0.8857|20.0098|0.6621
ETHUSD|1775848012|32.11|59.549|63.5051|0.8921|20.0098|0.6622
ETHUSD|1775848327|32.89|59.549|63.614|0.8928|20.0098|0.6498
ETHUSD|1775848642|31.43|59.549|63.5163|0.8911|20.0098|0.6482
ETHUSD|1775848957|33.01|59.549|63.6546|0.8883|20.0098|0.6492
ETHUSD|1775849272|32.68|59.549|63.6088|0.8914|20.0098|0.6491
ETHUSD|1775849587|34.55|59.549|63.8237|0.8808|20.0098|0.6491
ETHUSD|1775849902|31.9|59.549|63.6157|0.8789|20.0098|0.652
ETHUSD|1775850217|30.77|59.549|63.5297|0.8767|20.0098|0.6547
ETHUSD|1775850532|31.68|59.549|63.5949|0.8778|20.0098|0.6545
ETHUSD|1775850847|31.54|59.549|63.6187|0.879|20.0098|0.6442
ETHUSD|1775851162|32.08|59.549|63.6036|0.8882|20.0098|0.6439
ETHUSD|1775851477|34.14|59.549|63.7781|0.8871|20.0098|0.6427
ETHUSD|1775851781|34.1|59.549|63.6939|0.891|20.0098|0.6561
ETHUSD|1775852092|36.51|59.549|63.8367|0.8977|20.0098|0.6572
ETHUSD|1775852407|35.21|59.549|63.8151|0.8946|20.0098|0.6426
ETHUSD|1775852722|37.19|59.549|63.9704|0.8966|20.0098|0.6395
ETHUSD|1775853037|34.81|59.549|63.7908|0.8909|20.0098|0.6465
ETHUSD|1775853352|35.96|59.549|63.8429|0.8936|20.0098|0.6516
ETHUSD|1775853667|37.8|59.549|63.9794|0.8941|20.0098|0.6528
ETHUSD|1775853982|33.57|59.549|63.6571|0.8941|20.0098|0.6502
ETHUSD|1775854297|33.05|59.549|63.625|0.8987|20.0098|0.641
ETHUSD|1775854612|35.85|59.549|63.7971|0.9003|20.0098|0.6501
ETHUSD|1775854927|36.55|59.549|63.8552|0.8994|20.0098|0.6509
ETHUSD|1775855242|35.38|59.549|63.7936|0.8931|20.0098|0.6532
ETHUSD|1775855557|36.25|59.549|63.8668|0.8947|20.0098|0.6495
ETHUSD|1775855872|36.1|59.549|63.812|0.9007|20.0098|0.6507
ETHUSD|1775856187|38.18|59.549|63.9484|0.9003|20.0098|0.6578
ETHUSD|1775856502|36.57|59.549|63.8495|0.9019|20.0098|0.6488
ETHUSD|1775856816|36.18|59.549|63.8534|0.8957|20.0098|0.65
ETHUSD|1775856817|36.18|59.549|63.8534|0.8957|20.0098|0.65
ETHUSD|1775857132|36.9|59.549|63.8941|0.8991|20.0098|0.6486
ETHUSD|1775857447|35.47|59.549|63.7888|0.8931|20.0098|0.656
ETHUSD|1775857762|37.44|59.549|63.9309|0.8998|20.0098|0.6489
ETHUSD|1775858077|37.32|59.549|63.913|0.9023|20.0098|0.6471
ETHUSD|1775858392|37.11|59.549|63.9074|0.9012|20.0098|0.6461
ETHUSD|1775858707|37.7|59.549|63.9468|0.898|20.0098|0.6527
ETHUSD|1775859022|37.23|59.549|63.9305|0.8982|20.0098|0.6474
ETHUSD|1775859325|36.66|59.549|63.905|0.8964|20.0098|0.6455
ETHUSD|1775859637|34.93|59.549|63.8325|0.8885|20.0098|0.6424
ETHUSD|1775859952|36.71|59.549|63.9105|0.8939|20.0098|0.6491
ETHUSD|1775860267|35.34|59.549|63.8348|0.8904|20.0098|0.6467
ETHUSD|1775860582|36.66|59.549|63.9118|0.8949|20.0098|0.6463
ETHUSD|1775860897|34.89|59.549|63.8032|0.8873|20.0098|0.6505
ETHUSD|1775861212|35.18|59.549|63.8231|0.8883|20.0098|0.6497
ETHUSD|1775861528|36.31|59.549|63.907|0.8895|20.0098|0.649
ETHUSD|1775861842|34.83|59.549|63.8198|0.8806|20.0098|0.6556
ETHUSD|1775862157|33.47|59.549|63.6787|0.888|20.0098|0.6526
ETHUSD|1775862472|34.96|59.549|63.7529|0.8917|20.0098|0.6572
ETHUSD|1775862787|35.71|59.549|63.8335|0.8877|20.0098|0.6582
ETHUSD|1775863102|33.9|59.549|63.691|0.8885|20.0098|0.657
ETHUSD|1775863417|35.59|59.549|63.8756|0.8884|20.0098|0.6446
ETHUSD|1775863732|35.42|59.549|63.8617|0.8881|20.0098|0.6453
ETHUSD|1775864047|34.27|59.549|63.7771|0.8871|20.0098|0.6453
ETHUSD|1775864362|34.83|59.549|63.7831|0.892|20.0098|0.647
ETHUSD|1775864677|35.53|59.549|63.8386|0.8878|20.0098|0.6534
ETHUSD|1775864992|35.83|59.549|63.8205|0.894|20.0098|0.6538
ETHUSD|1775865307|35.75|59.549|63.8789|0.8894|20.0098|0.6454
ETHUSD|1775865622|32.51|59.1903|63.8723|0.8952|18.5536|0.6515
ETHUSD|1775865937|31.64|59.1903|63.8636|0.8903|18.5536|0.6447
ETHUSD|1775866252|31.02|59.1903|63.8132|0.8893|18.5536|0.6466
ETHUSD|1775866567|32.17|59.1903|63.9036|0.8853|18.5536|0.6528
ETHUSD|1775866882|32.92|59.1903|63.8796|0.8968|18.5536|0.655
ETHUSD|1775867197|31.23|59.1903|63.8512|0.8835|18.5536|0.6503
ETHUSD|1775867512|30.73|59.1903|63.7842|0.888|18.5536|0.6502
ETHUSD|1775867827|30.55|59.1903|63.7739|0.8874|18.5536|0.6501
ETHUSD|1775868142|30.6|59.1903|63.7773|0.8877|18.5536|0.6497
ETHUSD|1775868457|32.1|59.1903|63.8722|0.89|18.5536|0.6517
ETHUSD|1775868772|29.6|59.1903|63.6474|0.8917|18.5536|0.656
ETHUSD|1775869087|29.54|59.1903|63.6629|0.8924|18.5536|0.6499
ETHUSD|1775869402|30.51|59.1903|63.7308|0.8944|18.5536|0.649
ETHUSD|1775869717|31.22|59.1903|63.8088|0.8903|18.5536|0.65
ETHUSD|1775870018|31.01|59.1903|63.7815|0.8905|18.5536|0.6522
ETHUSD|1775870332|29.8|59.1903|63.6631|0.8927|18.5536|0.6543
ETHUSD|1775870647|31.75|59.1903|63.7924|0.8933|18.5536|0.6593
ETHUSD|1775870962|31.28|59.1903|63.744|0.8949|18.5536|0.6595
ETHUSD|1775871277|27.32|59.1903|63.4596|0.8841|18.5536|0.6696
ETHUSD|1775871592|26.16|59.1903|63.3626|0.8889|18.5536|0.6635
ETHUSD|1775871907|26.93|59.1903|63.4314|0.8829|18.5536|0.6708
ETHUSD|1775872222|28.47|59.1903|63.4004|0.8945|18.5536|0.6895
ETHUSD|1775872537|28.71|59.1903|63.461|0.8927|18.5536|0.6823
ETHUSD|1775872852|28.54|59.1903|63.4492|0.8881|18.5536|0.689
ETHUSD|1775873167|28.55|59.1903|63.4892|0.886|18.5536|0.6828
ETHUSD|1775873482|27.86|59.1903|63.4184|0.889|18.5536|0.6822
ETHUSD|1775873797|28.82|59.1903|63.5136|0.8855|18.5536|0.6828
ETHUSD|1775874112|27.03|59.1903|63.3437|0.8844|18.5536|0.6914
ETHUSD|1775874427|28.42|59.1903|63.4385|0.8906|18.5536|0.6855
ETHUSD|1775874742|27.49|59.1903|63.4338|0.8958|18.5536|0.6611
ETHUSD|1775875057|25.88|59.1903|63.3682|0.8857|18.5536|0.6619
ETHUSD|1775875372|25.25|59.1903|63.3015|0.8889|18.5536|0.6611
ETHUSD|1775875687|27.66|59.1903|63.5041|0.8939|18.5536|0.6503
ETHUSD|1775876002|25.66|59.1903|63.4057|0.8845|18.5536|0.6506
ETHUSD|1775876317|27.78|59.1903|63.5708|0.89|18.5536|0.6426
ETHUSD|1775876632|27.19|59.1903|63.5363|0.8878|18.5536|0.6431
ETHUSD|1775876947|28.64|59.1903|63.6318|0.892|18.5536|0.641
ETHUSD|1775877262|28.42|59.1903|63.6121|0.8918|18.5536|0.6419
ETHUSD|1775877577|28.16|59.1903|63.5621|0.8963|18.5536|0.6421
ETHUSD|1775877892|26.67|59.1903|63.4803|0.8934|18.5536|0.638
ETHUSD|1775878207|27.26|59.1903|63.5555|0.8892|18.5536|0.6377
ETHUSD|1775878522|27.48|59.1903|63.5639|0.8907|18.5536|0.6374
ETHUSD|1775878832|29.1|59.1903|63.6632|0.8931|18.5536|0.6405
ETHUSD|1775879137|26.4|59.1903|63.5063|0.8843|18.5536|0.6407
ETHUSD|1775879452|27.16|59.1903|63.5578|0.8868|18.5536|0.6388
ETHUSD|1775879767|27.16|59.1903|63.5112|0.8937|18.5536|0.6394
ETHUSD|1775880082|29.69|59.1903|63.6564|0.8938|18.5536|0.6522
ETHUSD|1775880397|27.12|59.1903|63.4926|0.892|18.5536|0.6458
ETHUSD|1775880712|26.15|59.1903|63.3942|0.8952|18.5536|0.6462
ETHUSD|1775881027|25.89|59.1903|63.4122|0.8899|18.5536|0.645
ETHUSD|1775881342|26.77|59.1903|63.3752|0.9022|18.5536|0.6517
ETHUSD|1775881657|26.29|59.1903|63.3655|0.902|18.5536|0.6453
ETHUSD|1775881972|26.74|59.1903|63.468|0.8914|18.5536|0.6455
ETHUSD|1775882276|25.37|59.1903|63.3507|0.8928|18.5536|0.6455
ETHUSD|1775882587|24.82|59.1903|63.2971|0.8949|18.5536|0.6448
ETHUSD|1775882902|30.12|59.1903|63.611|0.8977|18.5536|0.6652
ETHUSD|1775883217|29.72|59.1903|63.5626|0.8995|18.5536|0.6666
ETHUSD|1775883532|28.35|59.1903|63.487|0.8934|18.5536|0.6681
ETHUSD|1775883847|28.68|59.1903|63.5157|0.8945|18.5536|0.6659
ETHUSD|1775884162|30.34|59.1903|63.6238|0.8939|18.5536|0.6722
ETHUSD|1775884477|29.86|59.1903|63.6861|0.8936|18.5536|0.6486
ETHUSD|1775884792|32.74|59.1903|63.6323|0.916|18.5536|0.6815
ETHUSD|1775885107|32.64|59.1903|63.6448|0.9171|18.5536|0.6749
ETHUSD|1775885422|32.35|59.1903|63.6667|0.9081|18.5536|0.6781
ETHUSD|1775885732|31.84|59.1903|63.5693|0.9146|18.5536|0.6818
ETHUSD|1775886037|33.1|59.1903|63.6815|0.9122|18.5536|0.6823
ETHUSD|1775886352|33.78|59.1903|63.7211|0.912|18.5536|0.686
ETHUSD|1775886667|33.89|59.1903|63.6838|0.9192|18.5536|0.6859
ETHUSD|1775886982|33.84|59.1903|63.7453|0.914|18.5536|0.6782
ETHUSD|1775887297|33.97|59.1903|63.7359|0.9157|18.5536|0.6804
ETHUSD|1775887612|32.9|59.1903|63.7291|0.9085|18.5536|0.6728
ETHUSD|1775887927|33.99|59.1903|63.7576|0.9149|18.5536|0.6767
ETHUSD|1775888242|32.93|59.1903|63.682|0.9145|18.5536|0.6754
ETHUSD|1775888557|34.34|59.1903|63.7594|0.9153|18.5536|0.6823
ETHUSD|1775888872|32.05|59.1903|63.6548|0.9069|18.5536|0.677
ETHUSD|1775889187|32.4|59.1903|63.5872|0.9167|18.5536|0.6848
ETHUSD|1775889502|34.11|59.1903|63.7406|0.9153|18.5536|0.6825
ETHUSD|1775889817|34.18|59.1903|63.703|0.9222|18.5536|0.6822
ETHUSD|1775890132|32.44|59.1903|63.623|0.9199|18.5536|0.6721
ETHUSD|1775890447|33.56|59.1903|63.6767|0.9245|18.5536|0.6733
ETHUSD|1775890762|35.02|59.1903|63.8242|0.918|18.5536|0.6754
ETHUSD|1775891077|34.73|59.1903|63.7764|0.9192|18.5536|0.6797
ETHUSD|1775891392|33.12|59.1903|63.696|0.9165|18.5536|0.6726
ETHUSD|1775891707|33.38|59.1903|63.6834|0.9216|18.5536|0.6727
ETHUSD|1775892022|34.31|59.1903|63.7454|0.9237|18.5536|0.6722
ETHUSD|1775892332|34.47|59.1903|63.7613|0.9237|18.5536|0.6714
ETHUSD|1775892637|34.17|59.1903|63.7438|0.9167|18.5536|0.6806
ETHUSD|1775892952|35.09|59.1903|63.8019|0.9199|18.5536|0.6792
ETHUSD|1775893267|34.83|59.1903|63.753|0.9247|18.5536|0.6786
ETHUSD|1775893582|35.42|59.1903|63.8482|0.9218|18.5536|0.6714
ETHUSD|1775893887|35.05|59.1903|63.7743|0.9279|18.5536|0.6728
ETHUSD|1775894197|35.81|59.1903|63.7919|0.9301|18.5536|0.6795
ETHUSD|1775894512|42.63|59.1903|63.7752|0.921|39.3004|0.6775
ETHUSD|1775894814|43.6|59.1903|63.8397|0.9214|39.3004|0.6797
ETHUSD|1775895127|41.57|59.1903|63.6684|0.923|39.3004|0.6801
ETHUSD|1775895442|42.77|59.1903|63.7301|0.9263|39.3004|0.6828
ETHUSD|1775895757|42.5|59.1903|63.7115|0.9259|39.3004|0.6828
ETHUSD|1775896061|42.58|59.1903|63.7278|0.9243|39.3004|0.683
ETHUSD|1775896372|44.34|59.1903|63.8403|0.9284|39.3004|0.6829
ETHUSD|1775896687|44.62|59.1903|63.8491|0.9304|39.3004|0.6829
ETHUSD|1775897002|45.62|59.1903|63.9076|0.9336|39.3004|0.6829
ETHUSD|1775897317|42.38|59.1903|63.6983|0.9264|39.3004|0.6829
ETHUSD|1775897632|44.39|59.1903|63.8574|0.9264|39.3004|0.6827
ETHUSD|1775897947|44.42|59.1903|63.8221|0.9324|39.3004|0.6826
ETHUSD|1775898262|42.42|59.1903|63.7008|0.9268|39.3004|0.6825
ETHUSD|1775898577|43.12|59.1903|63.7694|0.9239|39.3004|0.6837
ETHUSD|1775898892|42.42|59.1903|63.654|0.9331|39.3004|0.684
ETHUSD|1775899207|43.75|59.1903|63.753|0.9342|39.3004|0.6838
ETHUSD|1775899522|41.62|59.1903|63.6081|0.9306|39.3004|0.6839
ETHUSD|1775899837|42.93|59.1903|63.6853|0.9347|39.3004|0.6838
ETHUSD|1775900152|43.24|59.1903|63.709|0.9349|39.3004|0.6837
ETHUSD|1775900467|42.34|59.1903|63.6381|0.9346|39.3004|0.684
ETHUSD|1775900782|44.21|59.1903|63.8111|0.9306|39.3004|0.684
ETHUSD|1775901097|42.25|59.1903|63.6307|0.9347|39.3004|0.684
ETHUSD|1775901412|40.89|59.1903|63.5913|0.9324|39.3004|0.6714
ETHUSD|1775901727|41.83|59.1903|63.6732|0.9312|39.3004|0.6713
ETHUSD|1775902042|42.41|59.1903|63.7123|0.9328|39.3004|0.6703
ETHUSD|1775902357|44.09|59.1903|63.8275|0.9347|39.3004|0.6716
ETHUSD|1775902672|44.9|59.1903|63.8431|0.9338|39.3004|0.6845
ETHUSD|1775902987|42.67|59.1903|63.7224|0.9353|39.3004|0.6691
ETHUSD|1775903302|43.9|59.1903|63.8436|0.9314|39.3004|0.6691
ETHUSD|1775903617|44.43|59.1903|63.8684|0.9341|39.3004|0.669
ETHUSD|1775903932|42.49|59.1903|63.7362|0.9302|39.3004|0.6702
ETHUSD|1775904247|44.14|59.1903|63.8451|0.9335|39.3004|0.6701
ETHUSD|1775904562|45.0|59.1903|63.9211|0.9322|39.3004|0.6701
ETHUSD|1775904877|42.25|59.1903|63.7201|0.9282|39.3004|0.6726
ETHUSD|1775905192|42.14|59.1903|63.6746|0.9339|39.3004|0.6726
ETHUSD|1775905507|41.87|59.1903|63.6503|0.9344|39.3004|0.6726
ETHUSD|1775905818|45.0|59.1903|63.8864|0.936|39.3004|0.6726
ETHUSD|1775906122|41.61|59.1903|63.6337|0.9339|39.3004|0.6725
ETHUSD|1775906437|44.58|59.1903|63.8538|0.9351|39.3004|0.6738
ETHUSD|1775906748|43.11|59.1903|63.7315|0.9361|39.3004|0.674
ETHUSD|1775907052|44.86|59.1903|63.8607|0.9374|39.3004|0.674
ETHUSD|1775907367|43.73|59.1903|63.786|0.9352|39.3004|0.674
ETHUSD|1775907682|41.87|59.1903|63.6467|0.934|39.3004|0.674
ETHUSD|1775907993|43.35|59.1903|63.7764|0.9325|39.3004|0.6732
ETHUSD|1775908297|40.64|59.1903|63.5962|0.937|39.3004|0.6584
ETHUSD|1775908608|42.56|59.1903|63.6512|0.9322|39.3004|0.6888
ETHUSD|1775908912|44.05|59.1903|63.7839|0.9299|39.3004|0.6887
ETHUSD|1775909223|45.06|59.1903|63.8323|0.9351|39.3004|0.6881
ETHUSD|1775909527|44.36|59.1903|63.807|0.9315|39.3004|0.6865
ETHUSD|1775909838|43.9|59.1903|63.7203|0.9382|39.3004|0.6883
ETHUSD|1775910142|43.27|59.1903|63.6941|0.9346|39.3004|0.6882
ETHUSD|1775910457|43.92|59.1903|63.7672|0.9325|39.3004|0.6861
ETHUSD|1775910768|44.01|59.1903|63.7612|0.9333|39.3004|0.688
ETHUSD|1775911072|45.53|59.1903|63.8507|0.938|39.3004|0.6881
ETHUSD|1775911387|41.97|59.1903|63.5685|0.9387|39.3004|0.6875
ETHUSD|1775911702|45.04|59.1903|63.7932|0.9396|39.3004|0.6902
ETHUSD|1775912017|44.68|59.1903|63.7485|0.9422|39.3004|0.6902
ETHUSD|1775912332|45.63|59.1903|63.8298|0.9412|39.3004|0.69
ETHUSD|1775912647|44.72|59.1903|63.739|0.9465|39.3004|0.6865
ETHUSD|1775912962|44.07|59.1903|63.7273|0.9403|39.3004|0.6866
ETHUSD|1775913277|44.97|59.1903|63.7693|0.9418|39.3004|0.6913
ETHUSD|1775913592|42.92|59.1903|63.6325|0.9384|39.3004|0.6906
ETHUSD|1775913903|47.65|59.1903|63.9752|0.9427|39.3004|0.691
ETHUSD|1775914207|46.58|59.1903|63.809|0.9464|39.3004|0.7051
ETHUSD|1775914518|47.5|59.1903|63.8385|0.953|39.3004|0.7051
ETHUSD|1775914822|44.12|59.1903|63.6362|0.9431|39.3004|0.7052
ETHUSD|1775915137|46.93|59.1903|63.8075|0.9514|39.3004|0.7043
ETHUSD|1775915448|44.91|59.1903|63.7028|0.9438|39.3004|0.703
ETHUSD|1775915752|45.85|59.1903|63.7482|0.9484|39.3004|0.7028
ETHUSD|1775916063|43.41|59.1903|63.6346|0.9438|39.3004|0.691
ETHUSD|1775916367|46.16|59.1903|63.8078|0.951|39.3004|0.6904
ETHUSD|1775916678|47.25|59.1903|63.8797|0.9532|39.3004|0.6903
ETHUSD|1775916982|47.68|59.1903|63.9784|0.9433|39.3004|0.69
ETHUSD|1775917293|47.57|59.1903|63.9049|0.9532|39.3004|0.6902
ETHUSD|1775917597|47.13|59.1903|63.8961|0.9492|39.3004|0.6902
ETHUSD|1775917912|46.95|59.1903|63.9088|0.9432|39.3004|0.6929
ETHUSD|1775918223|47.63|59.1903|63.9473|0.9451|39.3004|0.6936
ETHUSD|1775918527|44.81|59.1903|63.6965|0.9502|39.3004|0.6927
ETHUSD|1775918838|46.29|59.1903|63.8341|0.9491|39.3004|0.6893
ETHUSD|1775919142|44.1|59.1903|63.6475|0.9483|39.3004|0.694
ETHUSD|1775919453|47.22|59.1903|63.941|0.9447|39.3004|0.6881
ETHUSD|1775919757|46.54|59.1903|63.8791|0.9422|39.3004|0.694
ETHUSD|1775920068|47.52|59.1903|63.8999|0.9509|39.3004|0.694
ETHUSD|1775920372|48.21|59.1903|63.9696|0.9485|39.3004|0.6941
ETHUSD|1775920687|47.88|59.1903|63.8733|0.9609|39.3004|0.6918
ETHUSD|1775920998|46.69|59.1903|63.8313|0.9528|39.3004|0.6919
ETHUSD|1775921302|47.02|59.1903|63.8439|0.9553|39.3004|0.6913
ETHUSD|1775921617|47.31|59.1903|63.9081|0.9495|39.3004|0.6902
ETHUSD|1775921928|47.7|59.1903|63.8971|0.9541|39.3004|0.6932
ETHUSD|1775922232|45.52|59.1903|63.7865|0.9447|39.3004|0.693
ETHUSD|1775922543|46.64|59.1903|63.8618|0.9468|39.3004|0.6929
ETHUSD|1775922847|47.3|59.1903|63.859|0.9521|39.3004|0.6979
ETHUSD|1775923162|48.69|59.1903|64.0204|0.9487|39.3004|0.6907
ETHUSD|1775923473|45.34|59.7325|63.9513|0.9439|8.7428|0.693
ETHUSD|1775923777|45.09|59.7325|63.9011|0.95|8.7428|0.691
ETHUSD|1775924088|43.33|59.7325|63.7593|0.9504|8.7428|0.6911
ETHUSD|1775924392|43.86|59.7325|63.7925|0.9517|8.7428|0.6911
ETHUSD|1775924707|44.91|59.7325|63.8855|0.9495|8.7428|0.692
ETHUSD|1775925022|45.17|59.7325|63.9448|0.944|8.7428|0.6912
ETHUSD|1775925333|43.05|59.7325|63.7894|0.9428|8.7428|0.6902
ETHUSD|1775925637|47.32|59.7325|64.0795|0.9496|8.7428|0.6908
ETHUSD|1775925948|47.54|59.7325|64.046|0.9691|8.7428|0.6731
ETHUSD|1775926252|47.61|59.7325|64.0364|0.9688|8.7428|0.6772
ETHUSD|1775926567|49.48|59.7325|64.2344|0.9729|8.7428|0.6772
ETHUSD|1775926878|50.13|59.7325|64.3152|0.9809|8.7428|0.6772
ETHUSD|1775927182|48.71|59.7325|64.2686|0.9716|8.7428|0.6751
ETHUSD|1775927497|47.65|59.7325|64.1834|0.9744|8.7428|0.6697
ETHUSD|1775927812|48.47|59.7325|64.3664|0.9635|8.7428|0.6727
ETHUSD|1775928127|47.65|59.7325|64.2368|0.9708|8.7428|0.674
ETHUSD|1775928438|47.76|59.7325|64.232|0.9707|8.7428|0.6773
ETHUSD|1775928742|46.77|59.7325|64.128|0.9779|8.7428|0.6702
ETHUSD|1775929053|45.55|59.7325|63.9876|0.9812|8.7428|0.6724
ETHUSD|1775929357|47.96|59.7325|64.2088|0.9812|8.7428|0.67
ETHUSD|1775929668|49.43|59.7325|64.3927|0.9774|8.7428|0.6694
ETHUSD|1775929972|48.08|59.7325|64.3144|0.9717|8.7428|0.6694
ETHUSD|1775930287|47.97|59.7325|64.2151|0.9843|8.7428|0.6694
ETHUSD|1775930598|49.14|59.7325|64.3233|0.9835|8.7428|0.6694
ETHUSD|1775930902|48.01|59.7325|64.2763|0.974|8.7428|0.6728
ETHUSD|1775931217|48.35|59.7325|64.2591|0.9777|8.7428|0.6772
ETHUSD|1775931528|47.9|59.7325|64.2029|0.9826|8.7428|0.6732
ETHUSD|1775931832|45.66|59.7325|64.0612|0.9767|8.7428|0.6704
ETHUSD|1775932143|46.16|59.7325|64.0924|0.9763|8.7428|0.6738
ETHUSD|1775932447|44.41|59.7325|63.9546|0.9718|8.7428|0.6771
ETHUSD|1775932758|50.56|59.7325|64.4155|0.9937|8.7428|0.6657
ETHUSD|1775933062|49.85|59.7325|64.4103|0.9819|8.7428|0.6716
ETHUSD|1775933373|50.41|59.7325|64.3144|1.0009|8.7428|0.6732
ETHUSD|1775933677|50.63|59.7325|64.3601|1.0023|8.7428|0.6656
ETHUSD|1775933988|49.68|59.7325|64.3301|0.9943|8.7428|0.6663
ETHUSD|1775934292|52.36|59.7325|64.5111|1.0138|8.7428|0.6688
ETHUSD|1775934603|49.15|59.7325|64.1839|1.0157|8.7428|0.6719
ETHUSD|1775934907|52.67|59.7325|64.4525|1.0268|8.7428|0.6666
ETHUSD|1775935222|51.69|59.7325|64.3622|1.0269|8.7428|0.6663
ETHUSD|1775935533|51.55|59.7325|64.4077|1.0134|8.7428|0.6753
ETHUSD|1775935837|53.46|59.7325|64.7046|1.0258|8.7428|0.6713
ETHUSD|1775936148|49.86|59.7325|64.4244|1.0265|8.7428|0.6547
ETHUSD|1775936452|51.85|59.7325|64.59|1.0268|8.7428|0.6607
ETHUSD|1775936767|53.3|59.7325|64.6763|1.0394|8.7428|0.6536
ETHUSD|1775937082|52.61|59.7325|64.639|1.0358|8.7428|0.653
ETHUSD|1775937393|51.97|59.7325|64.5861|1.0344|8.7428|0.6531
ETHUSD|1775937697|51.62|59.7325|64.6027|1.0286|8.7428|0.6521
ETHUSD|1775938008|53.09|59.7325|64.7508|1.0339|8.7428|0.6527
ETHUSD|1775938312|51.96|59.7325|64.7761|1.0199|8.7428|0.6528
ETHUSD|1775938623|49.94|59.7325|64.5492|1.0225|8.7428|0.6521
ETHUSD|1775938927|51.12|59.7325|64.6263|1.0271|8.7428|0.6533
ETHUSD|1775939242|50.72|59.7325|64.6184|1.0236|8.7428|0.6525
ETHUSD|1775939557|52.52|59.7325|64.7439|1.0285|8.7428|0.6561
ETHUSD|1775939872|52.55|59.7325|64.7465|1.0286|8.7428|0.6561
ETHUSD|1775940183|52.05|59.7325|64.7182|1.0258|8.7428|0.6561
ETHUSD|1775940487|50.68|59.7325|64.6054|1.0223|8.7428|0.6561
ETHUSD|1775940798|51.59|59.7325|64.7419|1.017|8.7428|0.6565
ETHUSD|1775941102|50.53|59.7325|64.6111|1.0194|8.7428|0.6566
ETHUSD|1775941413|52.15|59.7325|64.7926|1.0161|8.7428|0.6622
ETHUSD|1775941717|51.52|59.7325|64.7357|1.0172|8.7428|0.6589
ETHUSD|1775942028|51.78|59.7325|64.7009|1.022|8.7428|0.6627
ETHUSD|1775942332|51.2|59.7325|64.6971|1.0149|8.7428|0.6633
ETHUSD|1775942647|52.39|59.7325|64.7811|1.0222|8.7428|0.6594
ETHUSD|1775942962|51.73|59.7325|64.6912|1.0263|8.7428|0.657
ETHUSD|1775943277|49.13|59.7325|64.5048|1.016|8.7428|0.6575
ETHUSD|1775943592|50.62|59.7325|64.6054|1.0226|8.7428|0.6572
ETHUSD|1775943903|51.02|59.7325|64.6206|1.0257|8.7428|0.6573
ETHUSD|1775944207|51.59|59.7325|64.7139|1.0262|8.7428|0.6504
ETHUSD|1775944522|52.49|59.7325|64.8604|1.0251|8.7428|0.6548
ETHUSD|1775944837|51.71|59.7325|64.7896|1.0237|8.7428|0.6548
ETHUSD|1775945148|52.36|59.7325|64.8095|1.0309|8.7428|0.6524
ETHUSD|1775945452|51.69|59.7325|64.7369|1.033|8.7428|0.6495
ETHUSD|1775945767|52.35|59.7325|64.782|1.0429|8.7428|0.6442
ETHUSD|1775946078|53.03|59.7325|64.95|1.0422|8.7428|0.6441
ETHUSD|1775946382|52.73|59.7325|65.0739|1.0413|8.7428|0.6399
ETHUSD|1775946697|50.77|59.7325|64.9018|1.0421|8.7428|0.6298
ETHUSD|1775947008|51.16|59.7325|64.9436|1.0529|8.7428|0.6291
ETHUSD|1775947312|51.96|59.7325|65.0537|1.0469|8.7428|0.6348
ETHUSD|1775947623|52.27|59.7325|65.1456|1.0488|8.7428|0.6347
ETHUSD|1775947927|51.71|59.7325|65.0677|1.0479|8.7428|0.6377
ETHUSD|1775948242|51.43|59.7325|65.0407|1.0463|8.7428|0.6391
ETHUSD|1775948557|49.73|59.7325|64.934|1.0421|8.7428|0.63
ETHUSD|1775948868|48.89|59.7325|64.8069|1.0421|8.7428|0.6344
ETHUSD|1775949172|52.26|59.7325|65.2115|1.0453|8.7428|0.6395
ETHUSD|1775949483|49.81|59.7325|64.978|1.042|8.7428|0.6343
ETHUSD|1775949787|50.9|59.7325|64.9925|1.0482|8.7428|0.6438
ETHUSD|1775950102|51.38|59.7325|65.0671|1.0436|8.7428|0.6479
ETHUSD|1775950413|52.1|59.7325|65.1772|1.0408|8.7428|0.6482
ETHUSD|1775950717|51.2|59.7325|65.1116|1.0402|8.7428|0.6424
ETHUSD|1775951032|51.2|59.7325|65.1285|1.0401|8.7428|0.6398
ETHUSD|1775951343|52.48|59.7325|65.32|1.0438|8.7428|0.6457
ETHUSD|1775951647|50.64|59.7325|65.1706|1.035|8.7428|0.6461
ETHUSD|1775951958|50.83|59.7325|65.1852|1.036|8.7428|0.6461
ETHUSD|1775952262|68.11|59.7796|65.0779|1.0334|55.13|0.6515
ETHUSD|1775952573|68.94|59.7796|65.0663|1.0488|55.13|0.6469
ETHUSD|1775952877|69.31|59.7796|65.1179|1.0445|55.13|0.6523
ETHUSD|1775953188|68.38|59.7796|65.0488|1.0398|55.13|0.6518
ETHUSD|1775953492|68.27|59.7796|65.1145|1.0436|55.13|0.6345
ETHUSD|1775953807|68.65|59.7796|65.1182|1.0457|55.13|0.6381
ETHUSD|1775954122|68.69|59.7796|65.1439|1.0458|55.13|0.6348
ETHUSD|1775954437|67.82|59.7796|65.035|1.0426|55.13|0.6394
ETHUSD|1775954748|69.34|59.7796|65.2186|1.0395|55.13|0.6447
ETHUSD|1775955052|68.86|59.7796|65.1543|1.0384|55.13|0.647
ETHUSD|1775955364|70.14|59.7796|65.2813|1.0417|55.13|0.6473
ETHUSD|1775955667|69.62|59.7796|65.2099|1.0371|55.13|0.6548
ETHUSD|1775955978|67.73|59.7796|65.0736|1.0359|55.13|0.6413
ETHUSD|1775956282|68.33|59.7796|65.073|1.0348|55.13|0.6543
ETHUSD|1775956597|69.16|59.7796|65.2232|1.0407|55.13|0.6389
ETHUSD|1775956912|70.76|59.7796|65.3372|1.0478|55.13|0.6444
ETHUSD|1775957227|70.67|59.7796|65.3596|1.0394|55.13|0.6547
ETHUSD|1775957542|69.02|59.7796|65.1441|1.04|55.13|0.6549
ETHUSD|1775957857|71.22|59.7796|65.4075|1.0348|55.13|0.6716
ETHUSD|1775958168|72.06|59.7796|65.4907|1.0431|55.13|0.6757
ETHUSD|1775958472|74.51|59.7796|65.4122|1.0629|55.13|0.7192
ETHUSD|1775958783|75.78|59.7796|65.7004|1.0626|55.13|0.7323
ETHUSD|1775959087|75.13|59.7796|65.5778|1.0683|55.13|0.7361
ETHUSD|1775959398|74.66|59.7796|65.5603|1.0714|55.13|0.7297
ETHUSD|1775959702|75.62|59.7796|65.7211|1.0805|55.13|0.729
ETHUSD|1775960013|74.09|59.7796|65.6783|1.0695|55.13|0.7195
ETHUSD|1775960317|74.34|59.7796|65.8159|1.0692|55.13|0.719
ETHUSD|1775960628|74.32|59.7796|65.8782|1.0671|55.13|0.7212
ETHUSD|1775960932|73.88|59.7796|65.7862|1.0692|55.13|0.722
ETHUSD|1775961243|74.02|59.7796|65.7935|1.0701|55.13|0.7226
ETHUSD|1775961548|73.92|59.7796|65.8061|1.0671|55.13|0.7229
ETHUSD|1775961858|74.05|59.7796|65.8176|1.0677|55.13|0.723
ETHUSD|1775962162|73.46|59.7796|65.7294|1.0688|55.13|0.7218
ETHUSD|1775962477|73.79|59.7796|65.7828|1.0707|55.13|0.7189
ETHUSD|1775962788|73.61|59.7796|65.7552|1.0701|55.13|0.7198
ETHUSD|1775963092|73.14|59.7796|65.7139|1.0678|55.13|0.7191
ETHUSD|1775963403|73.32|59.7796|65.7106|1.0693|55.13|0.721
ETHUSD|1775963707|73.12|59.7796|65.6783|1.0656|55.13|0.7259
ETHUSD|1775964018|73.58|59.7796|65.7627|1.065|55.13|0.7247
ETHUSD|1775964322|73.69|59.7796|65.7822|1.0638|55.13|0.7257
ETHUSD|1775964637|73.36|59.7796|65.6946|1.0678|55.13|0.7257
ETHUSD|1775964948|72.04|59.7796|65.5336|1.0582|55.13|0.7333
ETHUSD|1775965252|73.53|59.7796|65.6649|1.0673|55.13|0.7333
ETHUSD|1775965563|74.1|59.7796|65.7885|1.0682|55.13|0.7271
ETHUSD|1775965867|74.16|59.7796|65.8233|1.0681|55.13|0.724
ETHUSD|1775966182|73.09|59.7796|65.7425|1.0601|55.13|0.724
ETHUSD|1775966493|73.98|59.7796|65.781|1.0675|55.13|0.7266
ETHUSD|1775966797|74.1|59.7796|65.7231|1.0722|55.13|0.7305
ETHUSD|1775967108|73.13|59.7796|65.6547|1.0661|55.13|0.7286
ETHUSD|1775967412|72.91|59.7796|65.6321|1.065|55.13|0.7286
ETHUSD|1775967727|73.55|59.7796|65.6892|1.0678|55.13|0.73
ETHUSD|1775968038|74.72|59.7796|65.7789|1.0763|55.13|0.73
ETHUSD|1775968342|74.42|59.7796|65.7692|1.0752|55.13|0.7268
ETHUSD|1775968653|73.61|59.7796|65.6967|1.0704|55.13|0.7269
ETHUSD|1775968957|74.25|59.7796|65.7306|1.0765|55.13|0.727
ETHUSD|1775969268|73.46|59.7796|65.6249|1.0754|55.13|0.727
ETHUSD|1775969572|74.39|59.7796|65.7313|1.0785|55.13|0.727
ETHUSD|1775969883|73.75|59.7796|65.6494|1.0775|55.13|0.7267
ETHUSD|1775970187|74.51|59.7796|65.7634|1.0773|55.13|0.7266
ETHUSD|1775970502|73.53|59.7796|65.6272|1.0718|55.13|0.7325
ETHUSD|1775970813|73.96|59.7796|65.6432|1.0773|55.13|0.7316
ETHUSD|1775971117|74.11|59.7796|65.6171|1.0798|55.13|0.7348
ETHUSD|1775971428|73.24|59.7796|65.6531|1.077|55.13|0.7171
ETHUSD|1775971732|73.65|59.7796|65.6898|1.0637|55.13|0.7369
ETHUSD|1775972036|73.38|59.7796|65.6397|1.0631|55.13|0.739
ETHUSD|1775972343|74.04|59.7796|65.6188|1.075|55.13|0.7391
ETHUSD|1775972647|74.35|59.7796|65.7909|1.0773|55.13|0.7201
ETHUSD|1775972962|71.87|59.7796|65.5407|1.0655|55.13|0.7201
ETHUSD|1775973277|72.22|59.7796|65.5385|1.0657|55.13|0.7268
ETHUSD|1775973588|72.4|59.7796|65.5311|1.0665|55.13|0.73
ETHUSD|1775973892|69.73|59.7796|65.3298|1.0429|55.13|0.735
ETHUSD|1775974207|71.14|59.7796|65.4142|1.0586|55.13|0.7311
ETHUSD|1775974522|72.31|59.7796|65.6958|1.0578|55.13|0.7182
ETHUSD|1775974837|71.84|59.7796|65.5132|1.0608|55.13|0.7289
ETHUSD|1775975148|71.52|59.7796|65.4589|1.0573|55.13|0.7342
ETHUSD|1775975452|70.35|59.7796|65.5357|1.046|55.13|0.7165
ETHUSD|1775975767|70.25|59.7796|65.4412|1.0639|55.13|0.7042
ETHUSD|1775976078|70.2|59.7796|65.4859|1.0582|55.13|0.7048
ETHUSD|1775976382|69.88|59.7796|65.4806|1.0542|55.13|0.7043
ETHUSD|1775976693|71.84|59.7796|65.5683|1.0563|55.13|0.7276
ETHUSD|1775976997|71.15|59.7796|65.5075|1.061|55.13|0.7164
ETHUSD|1775977312|70.4|59.7796|65.3298|1.0687|55.13|0.7153
ETHUSD|1775977623|69.35|59.7796|65.3018|1.0628|55.13|0.7064
ETHUSD|1775977927|69.72|59.7796|65.2998|1.0607|55.13|0.7164
ETHUSD|1775978242|69.36|59.7796|65.2429|1.0627|55.13|0.7143
ETHUSD|1775978553|69.79|59.7796|65.2213|1.0688|55.13|0.7176
ETHUSD|1775978857|71.14|59.7796|65.3908|1.0698|55.13|0.7202
ETHUSD|1775979168|70.5|59.7796|65.3961|1.0749|55.13|0.701
ETHUSD|1775979472|70.92|59.7796|65.3171|1.0572|55.13|0.7411
ETHUSD|1775979783|70.64|59.7796|65.3678|1.0506|55.13|0.7376
ETHUSD|1775980087|69.95|59.7796|65.2947|1.0478|55.13|0.7375
ETHUSD|1775980398|69.1|59.7796|65.2141|1.0444|55.13|0.736
ETHUSD|1775980702|69.52|59.7796|65.2978|1.0471|55.13|0.7299
ETHUSD|1775981017|57.12|59.7796|65.3374|1.024|27.0548|0.7168
ETHUSD|1775981328|56.9|59.7796|65.3657|1.0179|27.0548|0.7168
ETHUSD|1775981632|56.7|59.7796|65.2585|1.0195|27.0548|0.7246
ETHUSD|1775981943|57.0|59.7796|65.3134|1.0184|27.0548|0.7247
ETHUSD|1775982247|56.91|59.7796|65.2229|1.0261|27.0548|0.7249
ETHUSD|1775982562|55.9|59.7796|65.1387|1.0189|27.0548|0.7256
ETHUSD|1775982873|55.77|59.7796|65.1889|1.0224|27.0548|0.7124
ETHUSD|1775983177|56.52|59.7796|65.1835|1.0226|27.0548|0.727
ETHUSD|1775983488|56.45|59.7796|65.1646|1.0234|27.0548|0.7271
ETHUSD|1775983792|56.86|59.7796|65.2205|1.025|27.0548|0.7256
ETHUSD|1775984103|57.59|59.7796|65.3643|1.0212|27.0548|0.7258
ETHUSD|1775984407|56.46|59.7796|65.222|1.0186|27.0548|0.726
ETHUSD|1775984718|57.08|59.7796|65.2486|1.0248|27.0548|0.7264
ETHUSD|1775985022|56.95|59.7796|65.2251|1.0253|27.0548|0.7264
ETHUSD|1775985333|57.18|59.7796|65.2883|1.0223|27.0548|0.7265
ETHUSD|1775985637|56.08|59.7796|65.2606|1.0194|27.0548|0.7128
ETHUSD|1775985952|55.1|59.7796|65.1415|1.0167|27.0548|0.713
ETHUSD|1775986267|54.79|59.7796|65.0949|1.017|27.0548|0.7126
ETHUSD|1775986582|55.49|59.7796|65.2002|1.0166|27.0548|0.7129
ETHUSD|1775986897|54.27|59.7796|65.056|1.0166|27.0548|0.7083
ETHUSD|1775987212|53.91|59.7796|65.0038|1.0166|27.0548|0.7082
ETHUSD|1775987527|54.05|59.7796|64.9836|1.0201|27.0548|0.709
ETHUSD|1775987842|53.39|59.7796|64.8815|1.0209|27.0548|0.7086
ETHUSD|1775988153|54.11|59.7796|64.9564|1.0242|27.0548|0.7085
ETHUSD|1775988457|53.99|59.7796|64.9264|1.0247|27.0548|0.7095
ETHUSD|1775988772|54.64|59.7796|65.0749|1.0195|27.0548|0.7092
ETHUSD|1775989083|55.51|59.7796|65.2076|1.0177|27.0548|0.7109
ETHUSD|1775989387|55.82|59.7796|65.1828|1.0181|27.0548|0.7195
ETHUSD|1775989698|56.36|59.7796|65.2622|1.0194|27.0548|0.718
ETHUSD|1775990002|55.73|59.7796|65.2579|1.0104|27.0548|0.7178
ETHUSD|1775990313|54.83|59.7796|65.0565|1.0175|27.0548|0.7178
ETHUSD|1775990617|54.79|59.7796|65.0467|1.0178|27.0548|0.7178
ETHUSD|1775990932|54.83|59.7796|65.084|1.0159|27.0548|0.7162
ETHUSD|1775991247|54.49|59.7796|64.9449|1.0235|27.0548|0.718
ETHUSD|1775991562|53.11|59.7796|64.7978|1.0184|27.0548|0.7173
ETHUSD|1775991873|53.91|59.7796|64.889|1.0208|27.0548|0.7177
ETHUSD|1775992177|53.24|59.7796|64.8068|1.019|27.0548|0.7177
ETHUSD|1775992492|52.89|59.7796|64.7752|1.0166|27.0548|0.7183
ETHUSD|1775992803|53.95|59.7796|64.9197|1.0168|27.0548|0.7195
ETHUSD|1775993107|52.36|59.7796|64.7162|1.0117|27.0548|0.7219
ETHUSD|1775993418|53.0|59.7796|64.7757|1.0153|27.0548|0.7219
ETHUSD|1775993722|52.49|59.7796|64.7211|1.0153|27.0548|0.7193
ETHUSD|1775994033|52.09|59.7796|64.6801|1.0133|27.0548|0.7194
ETHUSD|1775994337|53.19|59.7796|64.8355|1.0139|27.0548|0.7195
ETHUSD|1775994652|52.7|59.7796|64.7048|1.02|27.0548|0.7194
ETHUSD|1775994963|53.5|59.7796|64.8777|1.0144|27.0548|0.7194
ETHUSD|1775995267|53.6|59.7796|64.876|1.0165|27.0548|0.7189
ETHUSD|1775995578|52.4|59.7796|64.7042|1.0169|27.0548|0.7177
ETHUSD|1775995882|52.37|59.7796|64.7132|1.0151|27.0548|0.7183
ETHUSD|1775996197|51.79|59.7796|64.6452|1.0134|27.0548|0.718
ETHUSD|1775996508|51.53|59.7796|64.5915|1.0148|27.0548|0.7183
ETHUSD|1775996812|51.83|59.7796|64.6137|1.017|27.0548|0.7184
ETHUSD|1775997127|51.95|59.7796|64.6478|1.0154|27.0548|0.7182
ETHUSD|1775997438|52.59|59.7796|64.7417|1.0158|27.0548|0.7178
ETHUSD|1775997742|51.86|59.7796|64.6657|1.0132|27.0548|0.717
ETHUSD|1775998053|52.23|59.7796|64.6835|1.0154|27.0548|0.719
ETHUSD|1775998357|53.15|59.7796|64.8171|1.0153|27.0548|0.7194
ETHUSD|1775998668|50.66|59.7796|64.4841|1.0105|27.0548|0.721
ETHUSD|1775998972|53.67|59.7796|64.8101|1.0108|27.0548|0.7357
ETHUSD|1775999283|51.78|59.7796|64.5087|1.0121|27.0548|0.737
ETHUSD|1775999587|52.1|59.7796|64.5524|1.0124|27.0548|0.737
ETHUSD|1775999902|52.77|59.7796|64.6694|1.0107|27.0548|0.7368
ETHUSD|1776000217|51.04|59.7796|64.4184|1.0103|27.0548|0.7369
ETHUSD|1776000532|50.87|59.7796|64.509|1.0095|27.0548|0.7231
ETHUSD|1776000843|52.0|59.7796|64.5677|1.0076|27.0548|0.7392
ETHUSD|1776001147|52.9|59.7796|64.5274|1.0236|27.0548|0.7414
ETHUSD|1776001458|55.07|59.7796|64.7676|1.0203|27.0548|0.7609
ETHUSD|1776001762|54.65|59.7796|64.6758|1.0235|27.0548|0.7608
ETHUSD|1776002077|53.91|59.7796|64.6341|1.0165|27.0548|0.761
ETHUSD|1776002388|53.94|59.7796|64.6378|1.0184|27.0548|0.7586
ETHUSD|1776002692|55.02|59.7796|64.7744|1.0188|27.0548|0.7616
ETHUSD|1776003007|54.26|59.7796|64.6463|1.0205|27.0548|0.7695
ETHUSD|1776003318|54.37|59.7796|64.6756|1.0208|27.0548|0.7674
ETHUSD|1776003622|54.66|59.7796|64.6845|1.0243|27.0548|0.7673
ETHUSD|1776003933|55.23|59.7796|64.7529|1.0242|27.0548|0.7703
ETHUSD|1776004237|54.24|59.7796|64.719|1.0224|27.0548|0.7574
ETHUSD|1776004548|55.41|59.7796|64.8107|1.0211|27.0548|0.7847
ETHUSD|1776004852|55.55|59.7796|64.8344|1.0207|27.0548|0.7885
ETHUSD|1776005167|55.89|59.7796|64.8897|1.0209|27.0548|0.7874
ETHUSD|1776005482|55.87|59.7796|64.8659|1.0229|27.0548|0.7877
ETHUSD|1776005797|55.45|59.7796|64.8219|1.0208|27.0548|0.788
ETHUSD|1776006108|55.49|59.7796|64.8657|1.0172|27.0548|0.7877
ETHUSD|1776006412|55.52|59.7796|64.8825|1.0158|27.0548|0.7878
ETHUSD|1776006727|55.57|59.7796|64.8829|1.016|27.0548|0.7892
ETHUSD|1776007042|55.49|59.7796|64.8921|1.0141|27.0548|0.7889
ETHUSD|1776007353|54.23|59.7796|64.6454|1.0203|27.0548|0.789
ETHUSD|1776007657|54.95|59.7796|64.7878|1.0164|27.0548|0.7908
ETHUSD|1776007966|55.97|59.7796|64.9031|1.0201|27.0548|0.7917
ETHUSD|1776008272|55.35|59.7796|64.8515|1.0166|27.0548|0.7908
ETHUSD|1776008587|54.5|59.7796|64.7185|1.0173|27.0548|0.7909
ETHUSD|1776008893|55.06|59.7796|64.8047|1.0171|27.0548|0.7907
ETHUSD|1776009198|55.72|59.7796|64.8923|1.0174|27.0548|0.7919
ETHUSD|1776009502|55.22|59.7796|64.8285|1.0173|27.0548|0.7904
ETHUSD|1776009813|66.89|60.1954|64.8902|1.0194|38.3668|0.7907
ETHUSD|1776010117|65.93|60.1954|64.7705|1.0179|38.3668|0.7895
ETHUSD|1776010432|65.98|60.1954|64.7757|1.0182|38.3668|0.7895
ETHUSD|1776010743|64.61|60.1954|64.601|1.0152|38.3668|0.7898
ETHUSD|1776011047|65.83|60.1954|64.7464|1.0181|38.3668|0.7907
ETHUSD|1776011357|66.27|60.1954|64.8484|1.0186|38.3668|0.7842
ETHUSD|1776011662|66.62|60.1954|64.8529|1.0187|38.3668|0.7912
ETHUSD|1776011977|65.57|60.1954|64.7361|1.0149|38.3668|0.7911
ETHUSD|1776012288|65.31|60.1954|64.7088|1.0138|38.3668|0.7911
ETHUSD|1776012592|65.55|60.1954|64.7293|1.0152|38.3668|0.7913
ETHUSD|1776012907|64.89|60.1954|64.6423|1.0141|38.3668|0.7913
ETHUSD|1776013218|65.35|60.1954|64.7072|1.014|38.3668|0.7928
ETHUSD|1776013522|65.05|60.1954|64.6458|1.0163|38.3668|0.7921
ETHUSD|1776013833|65.5|60.1954|64.6964|1.0179|38.3668|0.792
ETHUSD|1776014137|64.92|60.1954|64.665|1.0125|38.3668|0.7919
ETHUSD|1776014452|65.65|60.1954|64.7178|1.018|38.3668|0.792
ETHUSD|1776014763|65.53|60.1954|64.7492|1.013|38.3668|0.792
ETHUSD|1776015067|65.71|60.1954|64.7657|1.0146|38.3668|0.7911
ETHUSD|1776015382|66.21|60.1954|64.7642|1.0222|38.3668|0.7912
ETHUSD|1776015693|66.02|60.1954|64.7952|1.0162|38.3668|0.7912
ETHUSD|1776015997|65.01|60.1954|64.6781|1.013|38.3668|0.7912
ETHUSD|1776016308|66.02|60.1954|64.7511|1.0198|38.3668|0.7926
ETHUSD|1776016612|66.4|60.1954|64.8719|1.0149|38.3668|0.7901
ETHUSD|1776016923|66.87|60.1954|64.925|1.0165|38.3668|0.7901
ETHUSD|1776017227|67.16|60.1954|65.0066|1.0145|38.3668|0.7872
ETHUSD|1776017538|66.88|60.1954|64.9026|1.0204|38.3668|0.7878
ETHUSD|1776017842|67.03|60.1954|64.9568|1.0182|38.3668|0.7862
ETHUSD|1776018153|66.94|60.1954|64.966|1.0155|38.3668|0.7868
ETHUSD|1776018457|65.78|60.1954|64.8739|1.017|38.3668|0.7726
ETHUSD|1776018768|65.3|60.1954|64.8365|1.0136|38.3668|0.7726
ETHUSD|1776019072|65.54|60.1954|64.8028|1.0205|38.3668|0.7727
ETHUSD|1776019387|66.44|60.1954|64.9321|1.0212|38.3668|0.7722
ETHUSD|1776019702|65.93|60.1954|64.926|1.0161|38.3668|0.7693
ETHUSD|1776020017|66.04|60.1954|64.9399|1.0163|38.3668|0.7693
ETHUSD|1776020332|64.84|60.1954|64.7532|1.0162|38.3668|0.7709
ETHUSD|1776020643|65.86|60.1954|64.8698|1.0197|38.3668|0.771
ETHUSD|1776020947|65.42|60.1954|64.8481|1.0152|38.3668|0.771
ETHUSD|1776021258|66.08|60.1954|64.9139|1.0185|38.3668|0.771
ETHUSD|1776021562|65.63|60.1954|64.8115|1.0221|38.3668|0.771
ETHUSD|1776021877|65.5|60.1954|64.8046|1.0208|38.3668|0.7711
ETHUSD|1776022188|66.1|60.1954|64.9114|1.0189|38.3668|0.7713
ETHUSD|1776022492|65.83|60.1954|64.8368|1.0223|38.3668|0.7714
ETHUSD|1776022807|65.03|60.1954|64.7541|1.019|38.3668|0.7709
ETHUSD|1776023122|64.98|60.1954|64.7572|1.0179|38.3668|0.7709
ETHUSD|1776023433|65.95|60.1954|64.9172|1.0162|38.3668|0.7709
ETHUSD|1776023737|66.0|60.1954|64.9609|1.0126|38.3668|0.7709
ETHUSD|1776024045|65.83|60.1954|64.9503|1.011|38.3668|0.7709
ETHUSD|1776024352|65.11|60.1954|64.8297|1.0125|38.3668|0.7709
ETHUSD|1776024667|65.4|60.1954|64.8311|1.0167|38.3668|0.7709
ETHUSD|1776024982|66.06|60.1954|64.9233|1.0172|38.3668|0.771
ETHUSD|1776025297|65.86|60.1954|64.8739|1.0192|38.3668|0.771
ETHUSD|1776025612|66.04|60.1954|64.8975|1.0195|38.3668|0.771
ETHUSD|1776025927|65.58|60.1954|64.8481|1.0176|38.3668|0.771
ETHUSD|1776026242|65.74|60.1954|64.8744|1.0171|38.3668|0.7714
ETHUSD|1776026553|65.73|60.1954|64.8577|1.0184|38.3668|0.7717
ETHUSD|1776026857|66.46|60.1954|64.9603|1.0198|38.3668|0.7706
ETHUSD|1776027172|65.46|60.1954|64.8638|1.0145|38.3668|0.7706
ETHUSD|1776027487|65.68|60.1954|64.9244|1.0113|38.3668|0.771
ETHUSD|1776027798|65.21|60.1954|64.824|1.0146|38.3668|0.771
ETHUSD|1776028102|67.09|60.1954|65.1095|1.0137|38.3668|0.771
ETHUSD|1776028413|67.37|60.1954|65.0611|1.0226|38.3668|0.7715
ETHUSD|1776028717|66.52|60.1954|65.0332|1.0123|38.3668|0.772
ETHUSD|1776029032|65.59|60.1954|64.9408|1.0078|38.3668|0.7717
ETHUSD|1776029343|66.43|60.1954|64.9603|1.0187|38.3668|0.7714
ETHUSD|1776029647|66.82|60.1954|65.0476|1.0143|38.3668|0.7735
ETHUSD|1776029962|65.75|60.1954|64.945|1.0083|38.3668|0.7741
ETHUSD|1776030277|66.39|60.1954|65.057|1.0065|38.3668|0.7741
ETHUSD|1776030592|65.81|60.1954|64.8903|1.0147|38.3668|0.7741
ETHUSD|1776030903|66.43|60.1954|65.0663|1.0175|38.3668|0.7571
ETHUSD|1776031207|64.95|60.1954|64.9971|1.0076|38.3668|0.749
ETHUSD|1776031522|65.67|60.1954|64.9712|1.0179|38.3668|0.7539
ETHUSD|1776031833|64.46|60.1954|64.8787|1.0124|38.3668|0.7488
ETHUSD|1776032137|63.4|60.1954|64.7083|1.0127|38.3668|0.7505
ETHUSD|1776032452|64.27|60.1954|64.7823|1.0129|38.3668|0.7585
ETHUSD|1776032763|65.43|60.1954|64.9511|1.0134|38.3668|0.7583
ETHUSD|1776033067|64.27|60.1954|64.7857|1.0096|38.3668|0.763
ETHUSD|1776033378|64.24|60.1954|64.8234|1.0049|38.3668|0.7636
ETHUSD|1776033682|64.46|60.1954|64.8091|1.0114|38.3668|0.7611
ETHUSD|1776033993|64.77|60.1954|64.8424|1.0117|38.3668|0.7625
ETHUSD|1776034297|65.63|60.1954|64.984|1.0104|38.3668|0.7623
ETHUSD|1776034612|65.4|60.1954|64.8871|1.0156|38.3668|0.7641
ETHUSD|1776034927|63.9|60.1954|64.7678|1.0102|38.3668|0.7564
ETHUSD|1776035242|65.46|60.1954|64.9301|1.0113|38.3668|0.7653
ETHUSD|1776035557|64.23|60.1954|64.8071|1.0094|38.3668|0.7591
ETHUSD|1776035868|64.24|60.1954|64.7773|1.0096|38.3668|0.7637
ETHUSD|1776036172|63.86|60.1954|64.7337|1.0114|38.3668|0.759
ETHUSD|1776036487|63.76|60.1954|64.6972|1.0115|38.3668|0.7623
ETHUSD|1776036802|63.65|60.1954|64.6738|1.0115|38.3668|0.7634
ETHUSD|1776037113|64.05|60.1954|64.7447|1.0119|38.3668|0.7609
ETHUSD|1776037417|63.35|60.1954|64.6769|1.0065|38.3668|0.7635
ETHUSD|1776037732|62.73|60.1954|64.5538|1.0099|38.3668|0.7634
ETHUSD|1776038047|62.79|60.1954|64.585|1.0088|38.3668|0.7616
ETHUSD|1776038358|63.55|60.1954|64.6721|1.0089|38.3668|0.7653
ETHUSD|1776038662|35.91|58.728|64.6452|1.0105|9.023|0.7658
ETHUSD|1776038973|34.98|58.728|64.4857|1.0069|9.023|0.7746
ETHUSD|1776039277|35.1|58.728|64.5238|1.0053|9.023|0.7739
ETHUSD|1776039592|35.02|58.728|64.5079|1.0057|9.023|0.774
ETHUSD|1776039907|34.93|58.728|64.4616|1.0097|9.023|0.773
ETHUSD|1776040222|34.91|58.728|64.5002|1.0053|9.023|0.7732
ETHUSD|1776040537|34.62|58.728|64.4535|1.0077|9.023|0.7701
ETHUSD|1776040852|35.6|58.728|64.6156|1.0056|9.023|0.7707
ETHUSD|1776041163|34.61|58.728|64.4693|1.006|9.023|0.77
ETHUSD|1776041467|34.41|58.728|64.4624|1.0038|9.023|0.7699
ETHUSD|1776041782|34.56|58.728|64.4885|1.0036|9.023|0.7696
ETHUSD|1776042097|34.73|58.728|64.5099|1.004|9.023|0.7696
ETHUSD|1776042412|34.76|58.728|64.522|1.0096|9.023|0.7601
ETHUSD|1776042727|33.85|58.728|64.425|1.0052|9.023|0.7609
ETHUSD|1776043038|34.43|58.728|64.5504|1.0025|9.023|0.7588
ETHUSD|1776043342|34.17|58.728|64.5105|1.0027|9.023|0.7588
ETHUSD|1776043653|34.77|58.728|64.5235|1.0046|9.023|0.7676
ETHUSD|1776043957|34.58|58.728|64.4765|1.0067|9.023|0.7673
ETHUSD|1776044272|35.05|58.728|64.569|1.0043|9.023|0.7674
ETHUSD|1776044587|35.64|58.728|64.6482|1.005|9.023|0.7675
ETHUSD|1776044898|35.94|58.728|64.6627|1.0069|9.023|0.7691
ETHUSD|1776045202|36.02|58.728|64.6721|1.0071|9.023|0.7692
ETHUSD|1776045513|36.11|58.728|64.6842|1.0073|9.023|0.7691
ETHUSD|1776045817|35.52|58.728|64.6356|1.004|9.023|0.7683
ETHUSD|1776046128|35.55|58.728|64.6942|1.0022|9.023|0.7625
ETHUSD|1776046432|34.63|58.728|64.4469|1.003|9.023|0.7785
ETHUSD|1776046747|34.49|58.728|64.4886|0.9976|9.023|0.7771
ETHUSD|1776047058|35.19|58.728|64.5584|0.9995|9.023|0.7792
ETHUSD|1776047362|34.71|58.728|64.5262|1.0011|9.023|0.771
ETHUSD|1776047677|35.11|58.728|64.5432|0.9997|9.023|0.7796
ETHUSD|1776047988|33.57|58.728|64.3478|0.9966|9.023|0.7792
ETHUSD|1776048292|33.51|58.728|64.3437|0.9949|9.023|0.781
ETHUSD|1776048595|34.34|58.728|64.4653|0.9951|9.023|0.7809
ETHUSD|1776048907|33.98|58.728|64.3732|0.9991|9.023|0.781
ETHUSD|1776049218|33.72|58.728|64.3533|0.9971|9.023|0.781
ETHUSD|1776049522|32.83|58.728|64.2829|0.9953|9.023|0.7744
ETHUSD|1776049837|33.2|58.728|64.3545|0.9938|9.023|0.7741
ETHUSD|1776050148|33.21|58.728|64.3202|0.9978|9.023|0.7736
ETHUSD|1776050452|32.69|58.728|64.2769|0.9939|9.023|0.7743
ETHUSD|1776050767|31.96|58.728|64.1754|0.99|9.023|0.7791
ETHUSD|1776051082|33.34|58.728|64.3881|0.989|9.023|0.7792
ETHUSD|1776051393|32.51|58.728|64.2816|0.9874|9.023|0.7793
ETHUSD|1776051697|31.96|58.728|64.1632|0.9821|9.023|0.7938
ETHUSD|1776052012|32.38|58.728|64.2046|0.9854|9.023|0.7922
ETHUSD|1776052323|31.94|58.728|64.1844|0.9803|9.023|0.7929
ETHUSD|1776052627|32.04|58.728|64.1362|0.9861|9.023|0.794
ETHUSD|1776052938|32.09|58.728|64.2584|0.9842|9.023|0.7792
ETHUSD|1776053242|32.21|58.728|64.3203|0.9825|9.023|0.7751
ETHUSD|1776053557|30.66|58.728|64.1606|0.9758|9.023|0.7745
ETHUSD|1776053868|30.52|58.728|64.1241|0.9756|9.023|0.7772
ETHUSD|1776054172|29.29|58.728|63.9705|0.9725|9.023|0.7775
ETHUSD|1776054483|28.99|58.728|63.9065|0.9782|9.023|0.7721
ETHUSD|1776054787|29.88|58.728|64.0841|0.9739|9.023|0.7715
ETHUSD|1776055102|29.66|58.728|64.0076|0.9801|9.023|0.7688
ETHUSD|1776055413|28.83|58.728|63.9535|0.973|9.023|0.7691
